USE `Soft`;

LOCK TABLES `Accounts` WRITE;

INSERT INTO `Accounts`
(`Role`, `FirstName`, `LastName`, `Email`, `PasswordHash`, `Salt`)
VALUES
(4,'James', 'Smith', 'james.smith@example.com',               '7b9664d545b89b30dd7248eed345120914449975188631b5f810a020a798359e', 'Cx6SOW8gshK1nJptKImzCDHF6QMCl10g'),
(8,'Robert', 'Jones', 'robert.jones@example.com',             '37d70fd04eac8497a0846892930b5dc9978b9699bed5dad917d95187ae848ab0', 'YPYRWJBvZgz6VtOd-lgZPWpBVZuEy8i4'),
(8,'John', 'Williams', 'john.williams@example.com',           '83d4bd44e12115041edfb1efa90806fba31c3c60e1587418e8f155489fd23058', '6BhyiGAuIK1dC-nSGQKS00bqPiRfCaze'),
(2,'Michael', 'Taylor', 'michael.taylor@example.com',         'fa8725a5c7dd825c15dbca46a9273dc3749ec1a94b62e15c23de5ffb6171f7f4', '7juTnsR37JAov-76hiKhPmtgNYY4Ime3'),
(10,'William', 'Davies', 'william.davies@example.com',        'c82175430422297bc61e64c30d3631b02edc6817468d18dc25685cf64c60a314', 'l7zu4KUimHsuXqizRIRVOb5zPn3HRQGi'),
(3,'David', 'Brown', 'david.brown@example.com',               '71ebf45c105af12d74334692c3502b1b640f08c501bb53fa2ecb77955128680e', 'fFxsmXMpXwHCs0aJHRSncSmqbNKtqXTk'),
(3,'Richard', 'Thomas', 'richard.thomas@example.com',         'bd1f4a01a0c657b42a052d765b42bf032783891f241b4e6aee086d4376400c59', 'mPhZ4VfITicqx7ZjKEUucQMoY7kAXyZM'),
(3,'Joseph', 'Evans', 'joseph.evans@example.com',             '57df15fe1b3e01a7bd7c42edaa80d320c8ff412ecef12486e8c3751d6d22f97e', 'FY9XEgd3s9fHvZZkdMrpVFKaxLQUfR2m'),
(1,'Thomas', 'Roberts', 'thomas.roberts@example.com',         'f01f0a86e4a6d3d007bb0318e9cbf1430c6206d82d02bedcdb543751b86e2e22', 'XpLyfZOJGBePnNsQqFlRgNpC8GCh-Hcq'),
(1,'Charles', 'Johnson', 'charles.johnson@example.com',       'ee4484532872b9183f289689612c868c57154ac4af4f02aacfcbe70b2f4d03a9', 'DCfpJGSK94IFPNVtSzTHiT3PRO6TTPEa'),
(1,'Christopher', 'Wilson', 'christopher.wilson@example.com', 'ee7ece0953e8791929b7c80b269f19451a1f56254c0f7a171d38f52a284283e4', 'A3zzZv3pGOrGdZ2Q7EHx5wRBenev5zZi'),
(1,'Daniel', 'Robinson', 'daniel.robinson@example.com',       '05db2578d12c22eb8afc7d7aedb7c363f7c98d2c2b783cc6c65ae3d6e28e0cc3', 'f0kh-hSiCESROoQ0e64S9CIFfIAFxSvb'),
(1,'Matthew', 'Wright', 'matthew.wright@example.com',         'd18bb05fd514088d32a0b7cc9b1b24e89f0d5dea650b021be0d8798e884b04a6', 'QETm4mJD9bIs3Kq7KaIR8uiq8-WDdmYX'),
(1,'Anthony', 'Wood', 'anthony.wood@example.com',             'e41a39fbc63c54055beafe1c33c58e80750ce95e1d617788f12e7ef750d4836d', 'T2KHNCBU783AI6GmIUae87XOZIUdOivh'),
(1,'Mark', 'Thompson', 'mark.thompson@example.com',           '6de07cf8a28e6cec468df6d252d9ebe2e14ddb237345d9a2ae528b024a0d745a', 'xXPiWB0O2uTmVll3YjxVd-uxL4wYhRrj'),
(1,'Donald', 'Hall', 'donald.hall@example.com',               'c7c34b77d7a80e38e01ce535c65d334b78a1fcc40f96d224d6622781b021bf76', '07s5ee9FtK1AKC6LIf3W-5pMeZWrQkVH'),
(1,'Steven', 'Green', 'steven.green@example.com',             'be1e57ddb05ec2bb9d7cacb75b5fd959d4458279fe5717603ffb7addd20350d3', 'oZGwXf9HMvAlcCp4im7l-RFJBujrcT3c'),
(1,'Paul', 'Walker', 'paul.walker@example.com',               'fa175b5beca1bfff4579f2a39dd7aed568db12e1ec28c42ae710f9e6c46b86ce', '635Eddg8UfVyHbhA2cZb8s3ESt-FMgyw'),
(1,'Andrew', 'Hughes', 'andrew.hughes@example.com',           'd0eb995d0faa8eed1c688dc2afa9377fca642a472b065e9fe4fccebd1cc6a155', '4wmK9QfEy4fLhSkHzWZPobRpEuP260lx'),
(1,'Joshua', 'Edwards', 'joshua.edwards@example.com',         'a2b2f3b2593355fe1acf49e35ddc092db3bc79d6ac93e76734589da455c879a4', 'WkmFpput-9jwzZasUX2Qkl1i62jFwfNw'),
(4,'Mary', 'Lewis', 'mary.lewis@example.com',                 '0c503bc00a31b8a091a69f9a826a4c5f1e2e67f65052f883aeebe3d682aa26a4', 'mQIoJquQexiDr2x5kIPhyVRNZCwWhFmO'),
(8,'Patricia', 'White', 'patricia.white@example.com',         'c0e75f764709185cb370e1fcd4c47ab7a5675ebfbf63d45d07d8a93f32bb961a', 'PqwuWZwpEhBcPdqJmyGEbkqB9JVpJioJ'),
(8,'Jennifer', 'Turner', 'jennifer.turner@example.com',       'efa303670788f564bed1e5bde3245096f8b7dfc100096a0c0a698499b3e0e72b', 'nhZSBiwc-EAEIJ9MwnIqUPOD2tYb-W3F'),
(2,'Linda', 'Jackson', 'linda.jackson@example.com',           '97c724e80683f73f8da3220447d3e307fee1bb8614d4abbc8f3c0f296fe5c950', 'kjlRUT3dPVbDzKrtV5FWpBMitz9M2TRK'),
(10,'Elizabeth', 'Hill', 'elizabeth.hill@example.com',        'e66717f7d1b70c6b7deff96d790704e27feeb083b5823f8c9e791197a2b848cf', 'WiVUcNu0weynFfKH2HX3A4FUYJQv5eGf'),
(3,'Barbara', 'Harris', 'barbara.harris@example.com',         '7e0cac67ed4cc9afd5d84de7773865a543626643e31cb2d48a33e523c969cc50', '-SrccyYTMc8Pa1XOPQLj3ZRi2kuunUNE'),
(3,'Susan', 'Clark', 'susan.clark@example.com',               'b5217404df84d06dce4760e980dbe5d38a886f34107c37c965f8bf137f4a6628', 'xvesAbswGDq7Ccn71lPQtbPcWUQQjmtA'),
(3,'Jessica', 'Cooper', 'jessica.cooper@example.com',         '086f6dc778a787579129e45e8dc2afd7472d64ec9ea3c57dfaa8dc1b5ed287e9', 'XL7yOVRaqSh2O4nlwHnhgjNYxO-m-Iw3'),
(1,'Sarah', 'Harrison', 'sarah.harrison@example.com',         'e5ad4ca5766bb66df57d95329114db19667308ef4d3cd9bcd83a4c69d026ee64', '7hQM-Iq769BUqLS6I-tW-r0S0m4Diwt2'),
(1,'Karen', 'Ward', 'karen.ward@example.com',                 'bd1bd7f18582776d082f8f6966991f45944d1a95ca8ceea98f9e575fa8d76f53', 'Y2x2fpIBMjA148IERtkswArFdi7ACyqC'),
(1,'Nancy', 'Martin', 'nancy.martin@example.com',             'd07a9f0112cb85005570f601c4dd99117366bf54a25ef29344b4c237834485ab', 'DllStYKjewE1A4CJ3IOFiFaNDmGEDhB9'),
(1,'Lisa', 'Davis', 'lisa.davis@example.com',                 'c6a709d0e42c1ae60f976c0eb3a2a2054ecac0203e82476ffd7e43f19f5df094', 'U2dy-ADddVPF4AINWUlR-kGxfwpa1HTn'),
(1,'Betty', 'Baker', 'betty.baker@example.com',               'a35481b2c91de59c1c7cbfa008ef2e5bf83f1bf79840d4bb2cb70e05613f4b63', 'NeovUAGOb2STMmENEcqGgMtaZQZSRgoK'),
(1,'Margaret', 'Morris', 'margaret.morris@example.com',       '140014772e4586d7a0d8d8e7817b4300d42e3ad64b4ac86a952807d02e7a250f', 'LvooWbWoo-gYv8W4AFgVa1ghJa7dq-Yy'),
(1,'Sandra', 'James', 'sandra.james@example.com',             '1f9acbef059f6fbdd1c7548ff03c9c5230dda3bb0ef2a9269d3d09b8d30e9f07', '85ddeJiUMOBQ8LgYcO8btL-nsHlH6end'),
(1,'Ashley', 'King', 'ashley.king@example.com',               '0b2868e5486d8e85e125333869dcd7840ad2228b8151a937d7d576ca7fa7290e', 'eJk3L3tXzNdnkpGKfOanmRWiurKfRKgb'),
(1,'Kimberly', 'Morgan', 'kimberly.morgan@example.com',       '46665dbc16b680ada7c677e279e89b198f26213a88e3ece7163111b018f8d7b1', 'xSI7SuZmHtJsoTrb3qMWNam6Yo1f3URi'),
(1,'Emily', 'Allen', 'emily.allen@example.com',               'd6540ae37d84a7119848a3c5b757c9ec97f29102c3c9d39c48e2e9e1e870e652', 'I3nqbNsbZ9JQIRO44A3WqtjycF6JU0sT'),
(1,'Donna', 'Moore', 'donna.moore@example.com',               'c32575295eb07f3291827db1dbb99538d6093c6779140f77f06af7f38eb0f585', 'UoY8xfit4aPRmhYHg6DdcZkQltcgA0h6'),
(1,'Michelle', 'Parker', 'michelle.parker@example.com',       'ad7c1089f50ca75e707498113889cd78ee7af652a4668b7cb4bd41c331aafef7', 'P1D6clOOM3LRc3COU3z9LZkyAHSZeOGm')
;

UNLOCK TABLES;

LOCK TABLES `Mentors` WRITE;

INSERT INTO `Mentors`
(`AccountID`)
VALUES
(4),
(5),
(6),
(7),
(8),
(24),
(25),
(26),
(27),
(28)
;

UNLOCK TABLES;

LOCK TABLES `Students` WRITE;

INSERT INTO `Students`
(`AccountID`)
VALUES
(6),
(7),
(8),
(9),
(10),
(11),
(12),
(13),
(14),
(15),
(16),
(17),
(18),
(19),
(20),
(26),
(27),
(28),
(29),
(30),
(31),
(32),
(33),
(34),
(35),
(36),
(37),
(38),
(39),
(40)
;

UNLOCK TABLES;

LOCK TABLES `Secretaries` WRITE;

INSERT INTO `Secretaries`
(`AccountID`)
VALUES
(2),
(3),
(5),
(22),
(23),
(25)
;

UNLOCK TABLES;

LOCK TABLES `Courses` WRITE;

INSERT INTO `Courses`
(`Name`)
VALUES
('Soft Skills for Lecturers'),
('C# Programming'),
('3D Modelling'),
('Cybersecurity'),
('Advanced Technical English'),
('Intermediate Technical English')
;

UNLOCK TABLES;

LOCK TABLES `MentorsOfCourses` WRITE;

INSERT INTO `MentorsOfCourses`
(`MentorID`, `CourseID`)
VALUES
(1, 1),
(6, 1),
(3, 2),
(8, 2),
(4, 3),
(9, 3),
(5, 4),
(10, 4),
(2, 5),
(7, 5),
(2, 6),
(7, 6)
;

UNLOCK TABLES;

LOCK TABLES `StudentGroups` WRITE;

INSERT INTO `StudentGroups`
(`CourseID`, `Name`, `StartDate`, `FinishDate`)
VALUES
(1, 'Soft Skills for Lecturers - 2021/2', '2021-07-05', '2021-12-24'), -- 2 times per month
(2, 'C# Programming - 2021/2', '2021-07-05', '2021-12-24'), -- 2 times per week
(3, '3D Modelling - 2021/2', '2021-07-05', '2021-12-24'), -- 2 times per week
(4, 'Cybersecurity - 2021/2', '2021-07-05', '2021-12-24'), -- 2 times per week
(5, 'Advanced Technical English - 2021', '2021-01-04', '2021-12-24'),  -- 2 times per week
(6, 'Intermediate Technical English - 2021', '2021-01-04', '2021-12-24')  -- 2 times per week
;

UNLOCK TABLES;

LOCK TABLES `StudentsOfStudentGroups` WRITE;

INSERT INTO `StudentsOfStudentGroups`
(`StudentGroupID`, `StudentID`)
VALUES
(1, 1),
(1, 2),
(1, 3),
(1, 16),
(1, 17),
(1, 18),
(2, 4),
(2, 5),
(2, 6),
(2, 7),
(2, 19),
(2, 20),
(2, 21),
(2, 22),
(3, 8),
(3, 9),
(3, 10),
(3, 11),
(3, 23),
(3, 24),
(3, 25),
(3, 26),
(4, 12),
(4, 13),
(4, 14),
(4, 15),
(4, 27),
(4, 28),
(4, 29),
(4, 30),
(5, 4),
(5, 5),
(5, 6),
(5, 7),
(5, 8),
(5, 9),
(5, 19),
(5, 20),
(5, 21),
(5, 22),
(5, 23),
(5, 24),
(6, 10),
(6, 11),
(6, 12),
(6, 13),
(6, 14),
(6, 15),
(6, 25),
(6, 26),
(6, 27),
(6, 28),
(6, 29),
(6, 30)
;

UNLOCK TABLES;

LOCK TABLES `MentorsOfStudentGroups` WRITE;

INSERT INTO `MentorsOfStudentGroups`
(`MentorID`, `StudentGroupID`)
VALUES
(1, 1),
(6, 1),
(3, 2),
(8, 2),
(4, 3),
(9, 3),
(5, 4),
(10, 4),
(2, 5),
(7, 5),
(2, 6),
(7, 6)
;

UNLOCK TABLES;

LOCK TABLES `Themes` WRITE;

INSERT INTO `Themes`
(`Name`)
VALUES
('Introduction'),
('Leadership'),
('Communication'),
('Teamwork'),
('Problem Solving'),
('Social and Emotional Intelligence'),
('Final'),
('Data Types'),
('Exceptions'),
('Collections'),
('Patterns'),
('Sorting Algorithms'),
('Debugging'),
('OOP'),
('LINQ'),
('Entity Framework'),
('Multithreading'),
('Modelling'),
('Shading'),
('Texturing'),
('Lighting'),
('Rendering'),
('Rigging'),
('Animation'),
('Sculpting'),
('3D Printing'),
('Game Asset Creation'),
('Control Hijacking Attacks'),
('Buffer Overflow Exploits and Defenses'),
('Privilege Separation'),
('Sandboxing Native Code'),
('Web Security Model'),
('Symbolic Execution'),
('SSL and HTTPS'),
('Side-Channel Attacks'),
('User Authentication'),
('Data Tracking'),
('Lecture'),
('Discussion')
;

UNLOCK TABLES;

LOCK TABLES `EventOccurrences` WRITE;

INSERT INTO `EventOccurrences`
(`StudentGroupID`, `EventStart`, `EventFinish`, `Pattern`, `Storage`, `Color` )
VALUES
(1, '2021-07-05 10:00:00', '2021-12-24 11:00:00', 1, 70368744178180, 3447003),
(2, '2021-07-05 12:00:00', '2021-12-24 13:00:00', 1, 35184372089354, 3447003),
(3, '2021-07-05 12:00:00', '2021-12-24 13:00:00', 1, 35184372089364, 3447003),
(4, '2021-07-05 10:00:00', '2021-12-24 11:00:00', 1, 35184372089384, 3447003),
(5, '2021-01-04 10:00:00', '2021-12-24 11:00:00', 1, 35184372089346, 3447003),
(5, '2021-01-04 10:00:00', '2021-12-24 11:00:00', 1, 35184372089360, 3447003),
(6, '2021-01-04 14:00:00', '2021-12-24 15:00:00', 1, 35184372089348, 3447003),
(6, '2021-01-04 12:00:00', '2021-12-24 13:00:00', 1, 35184372089376, 3447003)
;

UNLOCK TABLES;

LOCK TABLES `Lessons` WRITE;

INSERT INTO `Lessons`
(`MentorID`, `StudentGroupID`, `ThemeID`, `LessonDate`)
VALUES
(1, 1, 1, '2021-07-06 10:00:00'),
(6, 1, 2, '2021-07-20 10:00:00'),
(1, 1, 2, '2021-08-03 10:00:00'),
(6, 1, 3, '2021-08-17 10:00:00'),
(1, 1, 3, '2021-08-31 10:00:00'),
(6, 1, 4, '2021-09-14 10:00:00'),
(1, 1, 4, '2021-09-28 10:00:00'),
(3, 2, 1, '2021-07-05 12:00:00'),
(8, 2, 8, '2021-07-21 12:00:00'),
(3, 2, 8, '2021-07-28 12:00:00'),
(8, 2, 8, '2021-08-04 12:00:00'),
(3, 2, 9, '2021-08-11 12:00:00'),
(8, 2, 9, '2021-08-18 12:00:00'),
(3, 2, 9, '2021-08-25 12:00:00'),
(8, 2, 9, '2021-09-01 12:00:00'),
(3, 2, 9, '2021-09-08 12:00:00'),
(8, 2, 10, '2021-09-15 12:00:00'),
(3, 2, 10, '2021-09-22 12:00:00'),
(8, 2, 10, '2021-09-29 12:00:00'),
(3, 2, 12, '2021-07-14 12:00:00'),
(8, 2, 12, '2021-07-07 12:00:00'),
(3, 2, 13, '2021-07-12 12:00:00'),
(8, 2, 13, '2021-07-19 12:00:00'),
(3, 2, 13, '2021-07-26 12:00:00'),
(8, 2, 14, '2021-08-02 12:00:00'),
(3, 2, 14, '2021-08-09 12:00:00'),
(8, 2, 14, '2021-08-16 12:00:00'),
(3, 2, 14, '2021-08-23 12:00:00'),
(8, 2, 14, '2021-08-30 12:00:00'),
(3, 2, 15, '2021-09-06 12:00:00'),
(8, 2, 15, '2021-09-13 12:00:00'),
(8, 2, 15, '2021-09-20 12:00:00'),
(3, 2, 7, '2021-09-27 12:00:00'),
(4, 3, 1, '2021-07-06 12:00:00'),
(9, 3, 18, '2021-07-22 12:00:00'),
(4, 3, 18, '2021-07-29 12:00:00'),
(9, 3, 18, '2021-08-05 12:00:00'),
(4, 3, 18, '2021-08-12 12:00:00'),
(9, 3, 18, '2021-08-19 12:00:00'),
(4, 3, 19, '2021-08-26 12:00:00'),
(9, 3, 19, '2021-09-02 12:00:00'),
(4, 3, 19, '2021-09-09 12:00:00'),
(9, 3, 19, '2021-09-16 12:00:00'),
(4, 3, 19, '2021-09-23 12:00:00'),
(9, 3, 20, '2021-09-30 12:00:00'),
(4, 3, 22, '2021-07-15 12:00:00'),
(9, 3, 22, '2021-07-08 12:00:00'),
(4, 3, 23, '2021-07-13 12:00:00'),
(9, 3, 23, '2021-07-20 12:00:00'),
(4, 3, 23, '2021-07-27 12:00:00'),
(9, 3, 23, '2021-08-03 12:00:00'),
(4, 3, 23, '2021-08-10 12:00:00'),
(9, 3, 24, '2021-08-17 12:00:00'),
(4, 3, 24, '2021-08-24 12:00:00'),
(9, 3, 24, '2021-08-31 12:00:00'),
(4, 3, 24, '2021-09-07 12:00:00'),
(9, 3, 24, '2021-09-14 12:00:00'),
(9, 3, 25, '2021-09-21 12:00:00'),
(4, 3, 7, '2021-09-28 12:00:00'),
(5, 4, 1, '2021-07-07 10:00:00'),
(10, 4, 28, '2021-07-23 10:00:00'),
(5, 4, 28, '2021-07-30 10:00:00'),
(10, 4, 28, '2021-08-06 10:00:00'),
(5, 4, 28, '2021-08-13 10:00:00'),
(10, 4, 29, '2021-08-20 10:00:00'),
(5, 4, 29, '2021-08-27 10:00:00'),
(10, 4, 29, '2021-09-03 10:00:00'),
(5, 4, 29, '2021-09-10 10:00:00'),
(10, 4, 30, '2021-09-17 10:00:00'),
(5, 4, 30, '2021-09-24 10:00:00'),
(5, 4, 32, '2021-07-16 10:00:00'),
(10, 4, 33, '2021-07-09 10:00:00'),
(5, 4, 33, '2021-07-14 10:00:00'),
(10, 4, 33, '2021-07-21 10:00:00'),
(5, 4, 34, '2021-07-28 10:00:00'),
(10, 4, 34, '2021-08-04 10:00:00'),
(5, 4, 34, '2021-08-11 10:00:00'),
(10, 4, 34, '2021-08-18 10:00:00'),
(5, 4, 34, '2021-08-25 10:00:00'),
(10, 4, 35, '2021-09-01 10:00:00'),
(5, 4, 35, '2021-09-08 10:00:00'),
(10, 4, 35, '2021-09-15 10:00:00'),
(10, 4, 35, '2021-09-22 10:00:00'),
(5, 4, 7, '2021-09-29 10:00:00'),
(2, 5, 38, '2021-01-04 10:00:00'),
(2, 5, 38, '2021-07-12 10:00:00'),
(2, 5, 38, '2021-07-19 10:00:00'),
(2, 5, 38, '2021-07-26 10:00:00'),
(2, 5, 38, '2021-08-02 10:00:00'),
(2, 5, 38, '2021-08-09 10:00:00'),
(2, 5, 38, '2021-08-16 10:00:00'),
(2, 5, 38, '2021-08-23 10:00:00'),
(2, 5, 38, '2021-08-30 10:00:00'),
(2, 5, 38, '2021-09-06 10:00:00'),
(2, 5, 38, '2021-09-13 10:00:00'),
(2, 5, 38, '2021-07-05 10:00:00'),
(2, 5, 38, '2021-09-20 10:00:00'),
(2, 5, 38, '2021-09-27 10:00:00'),
(2, 5, 38, '2021-06-28 10:00:00'),
(2, 5, 38, '2021-06-14 10:00:00'),
(2, 5, 38, '2021-01-11 10:00:00'),
(2, 5, 38, '2021-01-18 10:00:00'),
(2, 5, 38, '2021-01-25 10:00:00'),
(2, 5, 38, '2021-02-01 10:00:00'),
(2, 5, 38, '2021-02-08 10:00:00'),
(2, 5, 38, '2021-02-15 10:00:00'),
(2, 5, 38, '2021-02-22 10:00:00'),
(2, 5, 38, '2021-03-01 10:00:00'),
(2, 5, 38, '2021-03-08 10:00:00'),
(2, 5, 38, '2021-03-15 10:00:00'),
(2, 5, 38, '2021-06-21 10:00:00'),
(2, 5, 38, '2021-03-22 10:00:00'),
(2, 5, 38, '2021-04-05 10:00:00'),
(2, 5, 38, '2021-04-12 10:00:00'),
(2, 5, 38, '2021-04-19 10:00:00'),
(2, 5, 38, '2021-04-26 10:00:00'),
(2, 5, 38, '2021-05-03 10:00:00'),
(2, 5, 38, '2021-05-10 10:00:00'),
(2, 5, 38, '2021-05-17 10:00:00'),
(2, 5, 38, '2021-05-24 10:00:00'),
(2, 5, 38, '2021-05-31 10:00:00'),
(2, 5, 38, '2021-06-07 10:00:00'),
(2, 5, 38, '2021-03-29 10:00:00'),
(7, 5, 39, '2021-01-07 10:00:00'),
(7, 5, 39, '2021-07-15 10:00:00'),
(7, 5, 39, '2021-07-22 10:00:00'),
(7, 5, 39, '2021-07-29 10:00:00'),
(7, 5, 39, '2021-08-05 10:00:00'),
(7, 5, 39, '2021-08-12 10:00:00'),
(7, 5, 39, '2021-08-19 10:00:00'),
(7, 5, 39, '2021-08-26 10:00:00'),
(7, 5, 39, '2021-09-02 10:00:00'),
(7, 5, 39, '2021-09-09 10:00:00'),
(7, 5, 39, '2021-09-16 10:00:00'),
(7, 5, 39, '2021-07-08 10:00:00'),
(7, 5, 39, '2021-09-23 10:00:00'),
(7, 5, 39, '2021-09-30 10:00:00'),
(7, 5, 39, '2021-07-01 10:00:00'),
(7, 5, 39, '2021-06-17 10:00:00'),
(7, 5, 39, '2021-01-14 10:00:00'),
(7, 5, 39, '2021-01-21 10:00:00'),
(7, 5, 39, '2021-01-28 10:00:00'),
(7, 5, 39, '2021-02-04 10:00:00'),
(7, 5, 39, '2021-02-11 10:00:00'),
(7, 5, 39, '2021-02-18 10:00:00'),
(7, 5, 39, '2021-02-25 10:00:00'),
(7, 5, 39, '2021-03-04 10:00:00'),
(7, 5, 39, '2021-03-11 10:00:00'),
(7, 5, 39, '2021-03-18 10:00:00'),
(7, 5, 39, '2021-06-24 10:00:00'),
(7, 5, 39, '2021-03-25 10:00:00'),
(7, 5, 39, '2021-04-08 10:00:00'),
(7, 5, 39, '2021-04-15 10:00:00'),
(7, 5, 39, '2021-04-22 10:00:00'),
(7, 5, 39, '2021-04-29 10:00:00'),
(7, 5, 39, '2021-05-06 10:00:00'),
(7, 5, 39, '2021-05-13 10:00:00'),
(7, 5, 39, '2021-05-20 10:00:00'),
(7, 5, 39, '2021-05-27 10:00:00'),
(7, 5, 39, '2021-06-03 10:00:00'),
(7, 5, 39, '2021-06-10 10:00:00'),
(7, 5, 39, '2021-04-01 10:00:00'),
(7, 6, 38, '2021-01-05 14:00:00'),
(7, 6, 38, '2021-07-13 14:00:00'),
(7, 6, 38, '2021-07-20 14:00:00'),
(7, 6, 38, '2021-07-27 14:00:00'),
(7, 6, 38, '2021-08-03 14:00:00'),
(7, 6, 38, '2021-08-10 14:00:00'),
(7, 6, 38, '2021-08-17 14:00:00'),
(7, 6, 38, '2021-08-24 14:00:00'),
(7, 6, 38, '2021-08-31 14:00:00'),
(7, 6, 38, '2021-09-07 14:00:00'),
(7, 6, 38, '2021-09-14 14:00:00'),
(7, 6, 38, '2021-07-06 14:00:00'),
(7, 6, 38, '2021-09-21 14:00:00'),
(7, 6, 38, '2021-09-28 14:00:00'),
(7, 6, 38, '2021-06-29 14:00:00'),
(7, 6, 38, '2021-06-15 14:00:00'),
(7, 6, 38, '2021-01-12 14:00:00'),
(7, 6, 38, '2021-01-19 14:00:00'),
(7, 6, 38, '2021-01-26 14:00:00'),
(7, 6, 38, '2021-02-02 14:00:00'),
(7, 6, 38, '2021-02-09 14:00:00'),
(7, 6, 38, '2021-02-16 14:00:00'),
(7, 6, 38, '2021-02-23 14:00:00'),
(7, 6, 38, '2021-03-02 14:00:00'),
(7, 6, 38, '2021-03-09 14:00:00'),
(7, 6, 38, '2021-03-16 14:00:00'),
(7, 6, 38, '2021-06-22 14:00:00'),
(7, 6, 38, '2021-03-23 14:00:00'),
(7, 6, 38, '2021-04-06 14:00:00'),
(7, 6, 38, '2021-04-13 14:00:00'),
(7, 6, 38, '2021-04-20 14:00:00'),
(7, 6, 38, '2021-04-27 14:00:00'),
(7, 6, 38, '2021-05-04 14:00:00'),
(7, 6, 38, '2021-05-11 14:00:00'),
(7, 6, 38, '2021-05-18 14:00:00'),
(7, 6, 38, '2021-05-25 14:00:00'),
(7, 6, 38, '2021-06-01 14:00:00'),
(7, 6, 38, '2021-06-08 14:00:00'),
(7, 6, 38, '2021-03-30 14:00:00'),
(2, 6, 39, '2021-01-08 12:00:00'),
(2, 6, 39, '2021-07-16 12:00:00'),
(2, 6, 39, '2021-07-23 12:00:00'),
(2, 6, 39, '2021-07-30 12:00:00'),
(2, 6, 39, '2021-08-06 12:00:00'),
(2, 6, 39, '2021-08-13 12:00:00'),
(2, 6, 39, '2021-08-20 12:00:00'),
(2, 6, 39, '2021-08-27 12:00:00'),
(2, 6, 39, '2021-09-03 12:00:00'),
(2, 6, 39, '2021-09-10 12:00:00'),
(2, 6, 39, '2021-09-17 12:00:00'),
(2, 6, 39, '2021-07-09 12:00:00'),
(2, 6, 39, '2021-09-24 12:00:00'),
(2, 6, 39, '2021-07-02 12:00:00'),
(2, 6, 39, '2021-06-18 12:00:00'),
(2, 6, 39, '2021-01-15 12:00:00'),
(2, 6, 39, '2021-01-22 12:00:00'),
(2, 6, 39, '2021-01-29 12:00:00'),
(2, 6, 39, '2021-02-05 12:00:00'),
(2, 6, 39, '2021-02-12 12:00:00'),
(2, 6, 39, '2021-02-19 12:00:00'),
(2, 6, 39, '2021-02-26 12:00:00'),
(2, 6, 39, '2021-03-05 12:00:00'),
(2, 6, 39, '2021-03-12 12:00:00'),
(2, 6, 39, '2021-03-19 12:00:00'),
(2, 6, 39, '2021-06-25 12:00:00'),
(2, 6, 39, '2021-03-26 12:00:00'),
(2, 6, 39, '2021-04-09 12:00:00'),
(2, 6, 39, '2021-04-16 12:00:00'),
(2, 6, 39, '2021-04-23 12:00:00'),
(2, 6, 39, '2021-04-30 12:00:00'),
(2, 6, 39, '2021-05-07 12:00:00'),
(2, 6, 39, '2021-05-14 12:00:00'),
(2, 6, 39, '2021-05-21 12:00:00'),
(2, 6, 39, '2021-05-28 12:00:00'),
(2, 6, 39, '2021-06-04 12:00:00'),
(2, 6, 39, '2021-06-11 12:00:00'),
(2, 6, 39, '2021-04-02 12:00:00')
;

UNLOCK TABLES;

LOCK TABLES `ScheduledEvents` WRITE;

INSERT INTO `ScheduledEvents`
(`EventOccurrenceID`, `StudentGroupID`, `ThemeID`, `MentorID`, `LessonID`, `EventStart`, `EventFinish`)
VALUES
(1, 1, 1, 1, 1, '2021-07-06 10:00:00', '2021-07-06 11:00:00'),
(1, 1, 2, 6, 2, '2021-07-20 10:00:00', '2021-07-20 11:00:00'),
(1, 1, 2, 1, 3, '2021-08-03 10:00:00', '2021-08-03 11:00:00'),
(1, 1, 3, 6, 4, '2021-08-17 10:00:00', '2021-08-17 11:00:00'),
(1, 1, 3, 1, 5, '2021-08-31 10:00:00', '2021-08-31 11:00:00'),
(1, 1, 4, 6, 6, '2021-09-14 10:00:00', '2021-09-14 11:00:00'),
(1, 1, 4, 1, 7, '2021-09-28 10:00:00', '2021-09-28 11:00:00'),
(1, 1, 5, 6, 8, '2021-10-12 10:00:00', '2021-10-12 11:00:00'),
(1, 1, 5, 1, 9, '2021-10-26 10:00:00', '2021-10-26 11:00:00'),
(1, 1, 6, 6, 10, '2021-11-09 10:00:00', '2021-11-09 11:00:00'),
(1, 1, 6, 1, 11, '2021-11-23 10:00:00', '2021-11-23 11:00:00'),
(1, 1, 7, 6, 12, '2021-12-07 10:00:00', '2021-12-07 11:00:00'),
(1, 1, 7, 1, 13, '2021-12-21 10:00:00', '2021-12-21 11:00:00'),
(2, 2, 1, 3, 14, '2021-07-05 12:00:00', '2021-07-05 13:00:00'),
(2, 2, 8, 8, 15, '2021-07-21 12:00:00', '2021-07-21 13:00:00'),
(2, 2, 8, 3, 16, '2021-07-28 12:00:00', '2021-07-28 13:00:00'),
(2, 2, 8, 8, 17, '2021-08-04 12:00:00', '2021-08-04 13:00:00'),
(2, 2, 9, 3, 18, '2021-08-11 12:00:00', '2021-08-11 13:00:00'),
(2, 2, 9, 8, 19, '2021-08-18 12:00:00', '2021-08-18 13:00:00'),
(2, 2, 9, 3, 20, '2021-08-25 12:00:00', '2021-08-25 13:00:00'),
(2, 2, 9, 8, 21, '2021-09-01 12:00:00', '2021-09-01 13:00:00'),
(2, 2, 9, 3, 22, '2021-09-08 12:00:00', '2021-09-08 13:00:00'),
(2, 2, 10, 8, 23, '2021-09-15 12:00:00', '2021-09-15 13:00:00'),
(2, 2, 10, 3, 24, '2021-09-22 12:00:00', '2021-09-22 13:00:00'),
(2, 2, 10, 8, 25, '2021-09-29 12:00:00', '2021-09-29 13:00:00'),
(2, 2, 10, 3, 26, '2021-10-06 12:00:00', '2021-10-06 13:00:00'),
(2, 2, 10, 8, 27, '2021-10-13 12:00:00', '2021-10-13 13:00:00'),
(2, 2, 11, 3, 28, '2021-10-20 12:00:00', '2021-10-20 13:00:00'),
(2, 2, 11, 8, 29, '2021-10-27 12:00:00', '2021-10-27 13:00:00'),
(2, 2, 11, 3, 30, '2021-11-03 12:00:00', '2021-11-03 13:00:00'),
(2, 2, 11, 8, 31, '2021-11-10 12:00:00', '2021-11-10 13:00:00'),
(2, 2, 11, 3, 32, '2021-11-17 12:00:00', '2021-11-17 13:00:00'),
(2, 2, 12, 8, 33, '2021-11-24 12:00:00', '2021-11-24 13:00:00'),
(2, 2, 12, 3, 34, '2021-12-01 12:00:00', '2021-12-01 13:00:00'),
(2, 2, 12, 8, 35, '2021-12-08 12:00:00', '2021-12-08 13:00:00'),
(2, 2, 12, 3, 36, '2021-07-14 12:00:00', '2021-07-14 13:00:00'),
(2, 2, 12, 8, 37, '2021-07-07 12:00:00', '2021-07-07 13:00:00'),
(2, 2, 13, 3, 38, '2021-12-20 12:00:00', '2021-12-20 13:00:00'),
(2, 2, 13, 8, 39, '2021-12-13 12:00:00', '2021-12-13 13:00:00'),
(2, 2, 13, 3, 40, '2021-07-12 12:00:00', '2021-07-12 13:00:00'),
(2, 2, 13, 8, 41, '2021-07-19 12:00:00', '2021-07-19 13:00:00'),
(2, 2, 13, 3, 42, '2021-07-26 12:00:00', '2021-07-26 13:00:00'),
(2, 2, 14, 8, 43, '2021-08-02 12:00:00', '2021-08-02 13:00:00'),
(2, 2, 14, 3, 44, '2021-08-09 12:00:00', '2021-08-09 13:00:00'),
(2, 2, 14, 8, 45, '2021-08-16 12:00:00', '2021-08-16 13:00:00'),
(2, 2, 14, 3, 46, '2021-08-23 12:00:00', '2021-08-23 13:00:00'),
(2, 2, 14, 8, 47, '2021-08-30 12:00:00', '2021-08-30 13:00:00'),
(2, 2, 15, 3, 48, '2021-09-06 12:00:00', '2021-09-06 13:00:00'),
(2, 2, 15, 8, 49, '2021-09-13 12:00:00', '2021-09-13 13:00:00'),
(2, 2, 15, 3, 50, '2021-12-15 12:00:00', '2021-12-15 13:00:00'),
(2, 2, 15, 8, 51, '2021-09-20 12:00:00', '2021-09-20 13:00:00'),
(2, 2, 15, 3, 52, '2021-10-04 12:00:00', '2021-10-04 13:00:00'),
(2, 2, 16, 8, 53, '2021-10-11 12:00:00', '2021-10-11 13:00:00'),
(2, 2, 16, 3, 54, '2021-10-18 12:00:00', '2021-10-18 13:00:00'),
(2, 2, 16, 8, 55, '2021-10-25 12:00:00', '2021-10-25 13:00:00'),
(2, 2, 16, 3, 56, '2021-11-01 12:00:00', '2021-11-01 13:00:00'),
(2, 2, 16, 8, 57, '2021-11-08 12:00:00', '2021-11-08 13:00:00'),
(2, 2, 17, 3, 58, '2021-11-15 12:00:00', '2021-11-15 13:00:00'),
(2, 2, 17, 8, 59, '2021-11-22 12:00:00', '2021-11-22 13:00:00'),
(2, 2, 17, 3, 60, '2021-11-29 12:00:00', '2021-11-29 13:00:00'),
(2, 2, 17, 8, 61, '2021-12-06 12:00:00', '2021-12-06 13:00:00'),
(2, 2, 7, 3, 62, '2021-09-27 12:00:00', '2021-09-27 13:00:00'),
(2, 2, 7, 8, 63, '2021-12-22 12:00:00', '2021-12-22 13:00:00'),
(3, 3, 1, 4, 64, '2021-07-06 12:00:00', '2021-07-06 13:00:00'),
(3, 3, 18, 9, 65, '2021-07-22 12:00:00', '2021-07-22 13:00:00'),
(3, 3, 18, 4, 66, '2021-07-29 12:00:00', '2021-07-29 13:00:00'),
(3, 3, 18, 9, 67, '2021-08-05 12:00:00', '2021-08-05 13:00:00'),
(3, 3, 18, 4, 68, '2021-08-12 12:00:00', '2021-08-12 13:00:00'),
(3, 3, 18, 9, 69, '2021-08-19 12:00:00', '2021-08-19 13:00:00'),
(3, 3, 19, 4, 70, '2021-08-26 12:00:00', '2021-08-26 13:00:00'),
(3, 3, 19, 9, 71, '2021-09-02 12:00:00', '2021-09-02 13:00:00'),
(3, 3, 19, 4, 72, '2021-09-09 12:00:00', '2021-09-09 13:00:00'),
(3, 3, 19, 9, 73, '2021-09-16 12:00:00', '2021-09-16 13:00:00'),
(3, 3, 19, 4, 74, '2021-09-23 12:00:00', '2021-09-23 13:00:00'),
(3, 3, 20, 9, 75, '2021-09-30 12:00:00', '2021-09-30 13:00:00'),
(3, 3, 20, 4, 76, '2021-10-07 12:00:00', '2021-10-07 13:00:00'),
(3, 3, 20, 9, 77, '2021-10-14 12:00:00', '2021-10-14 13:00:00'),
(3, 3, 20, 4, 78, '2021-10-21 12:00:00', '2021-10-21 13:00:00'),
(3, 3, 20, 9, 79, '2021-10-28 12:00:00', '2021-10-28 13:00:00'),
(3, 3, 21, 4, 80, '2021-11-04 12:00:00', '2021-11-04 13:00:00'),
(3, 3, 21, 9, 81, '2021-11-11 12:00:00', '2021-11-11 13:00:00'),
(3, 3, 21, 4, 82, '2021-11-18 12:00:00', '2021-11-18 13:00:00'),
(3, 3, 21, 9, 83, '2021-11-25 12:00:00', '2021-11-25 13:00:00'),
(3, 3, 21, 4, 84, '2021-12-02 12:00:00', '2021-12-02 13:00:00'),
(3, 3, 22, 9, 85, '2021-12-09 12:00:00', '2021-12-09 13:00:00'),
(3, 3, 22, 4, 86, '2021-07-15 12:00:00', '2021-07-15 13:00:00'),
(3, 3, 22, 9, 87, '2021-07-08 12:00:00', '2021-07-08 13:00:00'),
(3, 3, 22, 4, 88, '2021-12-21 12:00:00', '2021-12-21 13:00:00'),
(3, 3, 22, 9, 89, '2021-12-14 12:00:00', '2021-12-14 13:00:00'),
(3, 3, 23, 4, 90, '2021-07-13 12:00:00', '2021-07-13 13:00:00'),
(3, 3, 23, 9, 91, '2021-07-20 12:00:00', '2021-07-20 13:00:00'),
(3, 3, 23, 4, 92, '2021-07-27 12:00:00', '2021-07-27 13:00:00'),
(3, 3, 23, 9, 93, '2021-08-03 12:00:00', '2021-08-03 13:00:00'),
(3, 3, 23, 4, 94, '2021-08-10 12:00:00', '2021-08-10 13:00:00'),
(3, 3, 24, 9, 95, '2021-08-17 12:00:00', '2021-08-17 13:00:00'),
(3, 3, 24, 4, 96, '2021-08-24 12:00:00', '2021-08-24 13:00:00'),
(3, 3, 24, 9, 97, '2021-08-31 12:00:00', '2021-08-31 13:00:00'),
(3, 3, 24, 4, 98, '2021-09-07 12:00:00', '2021-09-07 13:00:00'),
(3, 3, 24, 9, 99, '2021-09-14 12:00:00', '2021-09-14 13:00:00'),
(3, 3, 25, 4, 100, '2021-12-16 12:00:00', '2021-12-16 13:00:00'),
(3, 3, 25, 9, 101, '2021-09-21 12:00:00', '2021-09-21 13:00:00'),
(3, 3, 25, 4, 102, '2021-10-05 12:00:00', '2021-10-05 13:00:00'),
(3, 3, 25, 9, 103, '2021-10-12 12:00:00', '2021-10-12 13:00:00'),
(3, 3, 25, 4, 104, '2021-10-19 12:00:00', '2021-10-19 13:00:00'),
(3, 3, 26, 9, 105, '2021-10-26 12:00:00', '2021-10-26 13:00:00'),
(3, 3, 26, 4, 106, '2021-11-02 12:00:00', '2021-11-02 13:00:00'),
(3, 3, 26, 9, 107, '2021-11-09 12:00:00', '2021-11-09 13:00:00'),
(3, 3, 26, 4, 108, '2021-11-16 12:00:00', '2021-11-16 13:00:00'),
(3, 3, 26, 9, 109, '2021-11-23 12:00:00', '2021-11-23 13:00:00'),
(3, 3, 27, 4, 110, '2021-11-30 12:00:00', '2021-11-30 13:00:00'),
(3, 3, 27, 9, 111, '2021-12-07 12:00:00', '2021-12-07 13:00:00'),
(3, 3, 7, 4, 112, '2021-09-28 12:00:00', '2021-09-28 13:00:00'),
(3, 3, 7, 9, 113, '2021-12-23 12:00:00', '2021-12-23 13:00:00'),
(4, 4, 1, 5, 114, '2021-07-07 10:00:00', '2021-07-07 11:00:00'),
(4, 4, 28, 10, 115, '2021-07-23 10:00:00', '2021-07-23 11:00:00'),
(4, 4, 28, 5, 116, '2021-07-30 10:00:00', '2021-07-30 11:00:00'),
(4, 4, 28, 10, 117, '2021-08-06 10:00:00', '2021-08-06 11:00:00'),
(4, 4, 28, 5, 118, '2021-08-13 10:00:00', '2021-08-13 11:00:00'),
(4, 4, 29, 10, 119, '2021-08-20 10:00:00', '2021-08-20 11:00:00'),
(4, 4, 29, 5, 120, '2021-08-27 10:00:00', '2021-08-27 11:00:00'),
(4, 4, 29, 10, 121, '2021-09-03 10:00:00', '2021-09-03 11:00:00'),
(4, 4, 29, 5, 122, '2021-09-10 10:00:00', '2021-09-10 11:00:00'),
(4, 4, 30, 10, 123, '2021-09-17 10:00:00', '2021-09-17 11:00:00'),
(4, 4, 30, 5, 124, '2021-09-24 10:00:00', '2021-09-24 11:00:00'),
(4, 4, 30, 10, 125, '2021-10-01 10:00:00', '2021-10-01 11:00:00'),
(4, 4, 30, 5, 126, '2021-10-08 10:00:00', '2021-10-08 11:00:00'),
(4, 4, 31, 10, 127, '2021-10-15 10:00:00', '2021-10-15 11:00:00'),
(4, 4, 31, 5, 128, '2021-10-22 10:00:00', '2021-10-22 11:00:00'),
(4, 4, 31, 10, 129, '2021-10-29 10:00:00', '2021-10-29 11:00:00'),
(4, 4, 31, 5, 130, '2021-11-05 10:00:00', '2021-11-05 11:00:00'),
(4, 4, 31, 10, 131, '2021-11-12 10:00:00', '2021-11-12 11:00:00'),
(4, 4, 32, 5, 132, '2021-11-19 10:00:00', '2021-11-19 11:00:00'),
(4, 4, 32, 10, 133, '2021-11-26 10:00:00', '2021-11-26 11:00:00'),
(4, 4, 32, 5, 134, '2021-12-03 10:00:00', '2021-12-03 11:00:00'),
(4, 4, 32, 10, 135, '2021-12-10 10:00:00', '2021-12-10 11:00:00'),
(4, 4, 32, 5, 136, '2021-07-16 10:00:00', '2021-07-16 11:00:00'),
(4, 4, 33, 10, 137, '2021-07-09 10:00:00', '2021-07-09 11:00:00'),
(4, 4, 33, 5, 138, '2021-12-22 10:00:00', '2021-12-22 11:00:00'),
(4, 4, 33, 10, 139, '2021-12-15 10:00:00', '2021-12-15 11:00:00'),
(4, 4, 33, 5, 140, '2021-07-14 10:00:00', '2021-07-14 11:00:00'),
(4, 4, 33, 10, 141, '2021-07-21 10:00:00', '2021-07-21 11:00:00'),
(4, 4, 34, 5, 142, '2021-07-28 10:00:00', '2021-07-28 11:00:00'),
(4, 4, 34, 10, 143, '2021-08-04 10:00:00', '2021-08-04 11:00:00'),
(4, 4, 34, 5, 144, '2021-08-11 10:00:00', '2021-08-11 11:00:00'),
(4, 4, 34, 10, 145, '2021-08-18 10:00:00', '2021-08-18 11:00:00'),
(4, 4, 34, 5, 146, '2021-08-25 10:00:00', '2021-08-25 11:00:00'),
(4, 4, 35, 10, 147, '2021-09-01 10:00:00', '2021-09-01 11:00:00'),
(4, 4, 35, 5, 148, '2021-09-08 10:00:00', '2021-09-08 11:00:00'),
(4, 4, 35, 10, 149, '2021-09-15 10:00:00', '2021-09-15 11:00:00'),
(4, 4, 35, 5, 150, '2021-12-17 10:00:00', '2021-12-17 11:00:00'),
(4, 4, 35, 10, 151, '2021-09-22 10:00:00', '2021-09-22 11:00:00'),
(4, 4, 36, 5, 152, '2021-10-06 10:00:00', '2021-10-06 11:00:00'),
(4, 4, 36, 10, 153, '2021-10-13 10:00:00', '2021-10-13 11:00:00'),
(4, 4, 36, 5, 154, '2021-10-20 10:00:00', '2021-10-20 11:00:00'),
(4, 4, 36, 10, 155, '2021-10-27 10:00:00', '2021-10-27 11:00:00'),
(4, 4, 36, 5, 156, '2021-11-03 10:00:00', '2021-11-03 11:00:00'),
(4, 4, 37, 10, 157, '2021-11-10 10:00:00', '2021-11-10 11:00:00'),
(4, 4, 37, 5, 158, '2021-11-17 10:00:00', '2021-11-17 11:00:00'),
(4, 4, 37, 10, 159, '2021-11-24 10:00:00', '2021-11-24 11:00:00'),
(4, 4, 37, 5, 160, '2021-12-01 10:00:00', '2021-12-01 11:00:00'),
(4, 4, 37, 10, 161, '2021-12-08 10:00:00', '2021-12-08 11:00:00'),
(4, 4, 7, 5, 162, '2021-09-29 10:00:00', '2021-09-29 11:00:00'),
(4, 4, 7, 10, 163, '2021-12-24 10:00:00', '2021-12-24 11:00:00'),
(5, 5, 38, 2, 164, '2021-01-04 10:00:00', '2021-01-04 11:00:00'),
(5, 5, 38, 2, 165, '2021-07-12 10:00:00', '2021-07-12 11:00:00'),
(5, 5, 38, 2, 166, '2021-07-19 10:00:00', '2021-07-19 11:00:00'),
(5, 5, 38, 2, 167, '2021-07-26 10:00:00', '2021-07-26 11:00:00'),
(5, 5, 38, 2, 168, '2021-08-02 10:00:00', '2021-08-02 11:00:00'),
(5, 5, 38, 2, 169, '2021-08-09 10:00:00', '2021-08-09 11:00:00'),
(5, 5, 38, 2, 170, '2021-08-16 10:00:00', '2021-08-16 11:00:00'),
(5, 5, 38, 2, 171, '2021-08-23 10:00:00', '2021-08-23 11:00:00'),
(5, 5, 38, 2, 172, '2021-08-30 10:00:00', '2021-08-30 11:00:00'),
(5, 5, 38, 2, 173, '2021-09-06 10:00:00', '2021-09-06 11:00:00'),
(5, 5, 38, 2, 174, '2021-09-13 10:00:00', '2021-09-13 11:00:00'),
(5, 5, 38, 2, 175, '2021-07-05 10:00:00', '2021-07-05 11:00:00'),
(5, 5, 38, 2, 176, '2021-09-20 10:00:00', '2021-09-20 11:00:00'),
(5, 5, 38, 2, 177, '2021-10-04 10:00:00', '2021-10-04 11:00:00'),
(5, 5, 38, 2, 178, '2021-10-11 10:00:00', '2021-10-11 11:00:00'),
(5, 5, 38, 2, 179, '2021-10-18 10:00:00', '2021-10-18 11:00:00'),
(5, 5, 38, 2, 180, '2021-10-25 10:00:00', '2021-10-25 11:00:00'),
(5, 5, 38, 2, 181, '2021-11-01 10:00:00', '2021-11-01 11:00:00'),
(5, 5, 38, 2, 182, '2021-11-08 10:00:00', '2021-11-08 11:00:00'),
(5, 5, 38, 2, 183, '2021-11-15 10:00:00', '2021-11-15 11:00:00'),
(5, 5, 38, 2, 184, '2021-11-22 10:00:00', '2021-11-22 11:00:00'),
(5, 5, 38, 2, 185, '2021-11-29 10:00:00', '2021-11-29 11:00:00'),
(5, 5, 38, 2, 186, '2021-12-06 10:00:00', '2021-12-06 11:00:00'),
(5, 5, 38, 2, 187, '2021-09-27 10:00:00', '2021-09-27 11:00:00'),
(5, 5, 38, 2, 188, '2021-12-13 10:00:00', '2021-12-13 11:00:00'),
(5, 5, 38, 2, 189, '2021-06-28 10:00:00', '2021-06-28 11:00:00'),
(5, 5, 38, 2, 190, '2021-06-14 10:00:00', '2021-06-14 11:00:00'),
(5, 5, 38, 2, 191, '2021-01-11 10:00:00', '2021-01-11 11:00:00'),
(5, 5, 38, 2, 192, '2021-01-18 10:00:00', '2021-01-18 11:00:00'),
(5, 5, 38, 2, 193, '2021-01-25 10:00:00', '2021-01-25 11:00:00'),
(5, 5, 38, 2, 194, '2021-02-01 10:00:00', '2021-02-01 11:00:00'),
(5, 5, 38, 2, 195, '2021-02-08 10:00:00', '2021-02-08 11:00:00'),
(5, 5, 38, 2, 196, '2021-02-15 10:00:00', '2021-02-15 11:00:00'),
(5, 5, 38, 2, 197, '2021-02-22 10:00:00', '2021-02-22 11:00:00'),
(5, 5, 38, 2, 198, '2021-03-01 10:00:00', '2021-03-01 11:00:00'),
(5, 5, 38, 2, 199, '2021-03-08 10:00:00', '2021-03-08 11:00:00'),
(5, 5, 38, 2, 200, '2021-03-15 10:00:00', '2021-03-15 11:00:00'),
(5, 5, 38, 2, 201, '2021-06-21 10:00:00', '2021-06-21 11:00:00'),
(5, 5, 38, 2, 202, '2021-03-22 10:00:00', '2021-03-22 11:00:00'),
(5, 5, 38, 2, 203, '2021-04-05 10:00:00', '2021-04-05 11:00:00'),
(5, 5, 38, 2, 204, '2021-04-12 10:00:00', '2021-04-12 11:00:00'),
(5, 5, 38, 2, 205, '2021-04-19 10:00:00', '2021-04-19 11:00:00'),
(5, 5, 38, 2, 206, '2021-04-26 10:00:00', '2021-04-26 11:00:00'),
(5, 5, 38, 2, 207, '2021-05-03 10:00:00', '2021-05-03 11:00:00'),
(5, 5, 38, 2, 208, '2021-05-10 10:00:00', '2021-05-10 11:00:00'),
(5, 5, 38, 2, 209, '2021-05-17 10:00:00', '2021-05-17 11:00:00'),
(5, 5, 38, 2, 210, '2021-05-24 10:00:00', '2021-05-24 11:00:00'),
(5, 5, 38, 2, 211, '2021-05-31 10:00:00', '2021-05-31 11:00:00'),
(5, 5, 38, 2, 212, '2021-06-07 10:00:00', '2021-06-07 11:00:00'),
(5, 5, 38, 2, 213, '2021-03-29 10:00:00', '2021-03-29 11:00:00'),
(5, 5, 38, 2, 214, '2021-12-20 10:00:00', '2021-12-20 11:00:00'),
(6, 5, 39, 7, 215, '2021-01-07 10:00:00', '2021-01-07 11:00:00'),
(6, 5, 39, 7, 216, '2021-07-15 10:00:00', '2021-07-15 11:00:00'),
(6, 5, 39, 7, 217, '2021-07-22 10:00:00', '2021-07-22 11:00:00'),
(6, 5, 39, 7, 218, '2021-07-29 10:00:00', '2021-07-29 11:00:00'),
(6, 5, 39, 7, 219, '2021-08-05 10:00:00', '2021-08-05 11:00:00'),
(6, 5, 39, 7, 220, '2021-08-12 10:00:00', '2021-08-12 11:00:00'),
(6, 5, 39, 7, 221, '2021-08-19 10:00:00', '2021-08-19 11:00:00'),
(6, 5, 39, 7, 222, '2021-08-26 10:00:00', '2021-08-26 11:00:00'),
(6, 5, 39, 7, 223, '2021-09-02 10:00:00', '2021-09-02 11:00:00'),
(6, 5, 39, 7, 224, '2021-09-09 10:00:00', '2021-09-09 11:00:00'),
(6, 5, 39, 7, 225, '2021-09-16 10:00:00', '2021-09-16 11:00:00'),
(6, 5, 39, 7, 226, '2021-07-08 10:00:00', '2021-07-08 11:00:00'),
(6, 5, 39, 7, 227, '2021-09-23 10:00:00', '2021-09-23 11:00:00'),
(6, 5, 39, 7, 228, '2021-10-07 10:00:00', '2021-10-07 11:00:00'),
(6, 5, 39, 7, 229, '2021-10-14 10:00:00', '2021-10-14 11:00:00'),
(6, 5, 39, 7, 230, '2021-10-21 10:00:00', '2021-10-21 11:00:00'),
(6, 5, 39, 7, 231, '2021-10-28 10:00:00', '2021-10-28 11:00:00'),
(6, 5, 39, 7, 232, '2021-11-04 10:00:00', '2021-11-04 11:00:00'),
(6, 5, 39, 7, 233, '2021-11-11 10:00:00', '2021-11-11 11:00:00'),
(6, 5, 39, 7, 234, '2021-11-18 10:00:00', '2021-11-18 11:00:00'),
(6, 5, 39, 7, 235, '2021-11-25 10:00:00', '2021-11-25 11:00:00'),
(6, 5, 39, 7, 236, '2021-12-02 10:00:00', '2021-12-02 11:00:00'),
(6, 5, 39, 7, 237, '2021-12-09 10:00:00', '2021-12-09 11:00:00'),
(6, 5, 39, 7, 238, '2021-09-30 10:00:00', '2021-09-30 11:00:00'),
(6, 5, 39, 7, 239, '2021-12-16 10:00:00', '2021-12-16 11:00:00')
;

INSERT INTO `ScheduledEvents`
(`EventOccurrenceID`, `StudentGroupID`, `ThemeID`, `MentorID`, `EventStart`, `EventFinish`)
VALUES
(6, 5, 39, 7, '2021-07-01 10:00:00', '2021-07-01 11:00:00'),
(6, 5, 39, 7, '2021-06-17 10:00:00', '2021-06-17 11:00:00'),
(6, 5, 39, 7, '2021-01-14 10:00:00', '2021-01-14 11:00:00'),
(6, 5, 39, 7, '2021-01-21 10:00:00', '2021-01-21 11:00:00'),
(6, 5, 39, 7, '2021-01-28 10:00:00', '2021-01-28 11:00:00'),
(6, 5, 39, 7, '2021-02-04 10:00:00', '2021-02-04 11:00:00'),
(6, 5, 39, 7, '2021-02-11 10:00:00', '2021-02-11 11:00:00'),
(6, 5, 39, 7, '2021-02-18 10:00:00', '2021-02-18 11:00:00'),
(6, 5, 39, 7, '2021-02-25 10:00:00', '2021-02-25 11:00:00'),
(6, 5, 39, 7, '2021-03-04 10:00:00', '2021-03-04 11:00:00'),
(6, 5, 39, 7, '2021-03-11 10:00:00', '2021-03-11 11:00:00'),
(6, 5, 39, 7, '2021-03-18 10:00:00', '2021-03-18 11:00:00'),
(6, 5, 39, 7, '2021-06-24 10:00:00', '2021-06-24 11:00:00'),
(6, 5, 39, 7, '2021-03-25 10:00:00', '2021-03-25 11:00:00'),
(6, 5, 39, 7, '2021-04-08 10:00:00', '2021-04-08 11:00:00'),
(6, 5, 39, 7, '2021-04-15 10:00:00', '2021-04-15 11:00:00'),
(6, 5, 39, 7, '2021-04-22 10:00:00', '2021-04-22 11:00:00'),
(6, 5, 39, 7, '2021-04-29 10:00:00', '2021-04-29 11:00:00'),
(6, 5, 39, 7, '2021-05-06 10:00:00', '2021-05-06 11:00:00'),
(6, 5, 39, 7, '2021-05-13 10:00:00', '2021-05-13 11:00:00'),
(6, 5, 39, 7, '2021-05-20 10:00:00', '2021-05-20 11:00:00'),
(6, 5, 39, 7, '2021-05-27 10:00:00', '2021-05-27 11:00:00'),
(6, 5, 39, 7, '2021-06-03 10:00:00', '2021-06-03 11:00:00'),
(6, 5, 39, 7, '2021-06-10 10:00:00', '2021-06-10 11:00:00'),
(6, 5, 39, 7, '2021-04-01 10:00:00', '2021-04-01 11:00:00'),
(6, 5, 39, 7, '2021-12-23 10:00:00', '2021-12-23 11:00:00'),
(7, 6, 38, 7, '2021-01-05 14:00:00', '2021-01-05 15:00:00'),
(7, 6, 38, 7, '2021-07-13 14:00:00', '2021-07-13 15:00:00'),
(7, 6, 38, 7, '2021-07-20 14:00:00', '2021-07-20 15:00:00'),
(7, 6, 38, 7, '2021-07-27 14:00:00', '2021-07-27 15:00:00'),
(7, 6, 38, 7, '2021-08-03 14:00:00', '2021-08-03 15:00:00'),
(7, 6, 38, 7, '2021-08-10 14:00:00', '2021-08-10 15:00:00'),
(7, 6, 38, 7, '2021-08-17 14:00:00', '2021-08-17 15:00:00'),
(7, 6, 38, 7, '2021-08-24 14:00:00', '2021-08-24 15:00:00'),
(7, 6, 38, 7, '2021-08-31 14:00:00', '2021-08-31 15:00:00'),
(7, 6, 38, 7, '2021-09-07 14:00:00', '2021-09-07 15:00:00'),
(7, 6, 38, 7, '2021-09-14 14:00:00', '2021-09-14 15:00:00'),
(7, 6, 38, 7, '2021-07-06 14:00:00', '2021-07-06 15:00:00'),
(7, 6, 38, 7, '2021-09-21 14:00:00', '2021-09-21 15:00:00'),
(7, 6, 38, 7, '2021-10-05 14:00:00', '2021-10-05 15:00:00'),
(7, 6, 38, 7, '2021-10-12 14:00:00', '2021-10-12 15:00:00'),
(7, 6, 38, 7, '2021-10-19 14:00:00', '2021-10-19 15:00:00'),
(7, 6, 38, 7, '2021-10-26 14:00:00', '2021-10-26 15:00:00'),
(7, 6, 38, 7, '2021-11-02 14:00:00', '2021-11-02 15:00:00'),
(7, 6, 38, 7, '2021-11-09 14:00:00', '2021-11-09 15:00:00'),
(7, 6, 38, 7, '2021-11-16 14:00:00', '2021-11-16 15:00:00'),
(7, 6, 38, 7, '2021-11-23 14:00:00', '2021-11-23 15:00:00'),
(7, 6, 38, 7, '2021-11-30 14:00:00', '2021-11-30 15:00:00'),
(7, 6, 38, 7, '2021-12-07 14:00:00', '2021-12-07 15:00:00'),
(7, 6, 38, 7, '2021-09-28 14:00:00', '2021-09-28 15:00:00'),
(7, 6, 38, 7, '2021-12-14 14:00:00', '2021-12-14 15:00:00'),
(7, 6, 38, 7, '2021-06-29 14:00:00', '2021-06-29 15:00:00'),
(7, 6, 38, 7, '2021-06-15 14:00:00', '2021-06-15 15:00:00'),
(7, 6, 38, 7, '2021-01-12 14:00:00', '2021-01-12 15:00:00'),
(7, 6, 38, 7, '2021-01-19 14:00:00', '2021-01-19 15:00:00'),
(7, 6, 38, 7, '2021-01-26 14:00:00', '2021-01-26 15:00:00'),
(7, 6, 38, 7, '2021-02-02 14:00:00', '2021-02-02 15:00:00'),
(7, 6, 38, 7, '2021-02-09 14:00:00', '2021-02-09 15:00:00'),
(7, 6, 38, 7, '2021-02-16 14:00:00', '2021-02-16 15:00:00'),
(7, 6, 38, 7, '2021-02-23 14:00:00', '2021-02-23 15:00:00'),
(7, 6, 38, 7, '2021-03-02 14:00:00', '2021-03-02 15:00:00'),
(7, 6, 38, 7, '2021-03-09 14:00:00', '2021-03-09 15:00:00'),
(7, 6, 38, 7, '2021-03-16 14:00:00', '2021-03-16 15:00:00'),
(7, 6, 38, 7, '2021-06-22 14:00:00', '2021-06-22 15:00:00'),
(7, 6, 38, 7, '2021-03-23 14:00:00', '2021-03-23 15:00:00'),
(7, 6, 38, 7, '2021-04-06 14:00:00', '2021-04-06 15:00:00'),
(7, 6, 38, 7, '2021-04-13 14:00:00', '2021-04-13 15:00:00'),
(7, 6, 38, 7, '2021-04-20 14:00:00', '2021-04-20 15:00:00'),
(7, 6, 38, 7, '2021-04-27 14:00:00', '2021-04-27 15:00:00'),
(7, 6, 38, 7, '2021-05-04 14:00:00', '2021-05-04 15:00:00'),
(7, 6, 38, 7, '2021-05-11 14:00:00', '2021-05-11 15:00:00'),
(7, 6, 38, 7, '2021-05-18 14:00:00', '2021-05-18 15:00:00'),
(7, 6, 38, 7, '2021-05-25 14:00:00', '2021-05-25 15:00:00'),
(7, 6, 38, 7, '2021-06-01 14:00:00', '2021-06-01 15:00:00'),
(7, 6, 38, 7, '2021-06-08 14:00:00', '2021-06-08 15:00:00'),
(7, 6, 38, 7, '2021-03-30 14:00:00', '2021-03-30 15:00:00'),
(7, 6, 38, 7, '2021-12-21 14:00:00', '2021-12-21 15:00:00'),
(8, 6, 39, 2, '2021-01-08 12:00:00', '2021-01-08 13:00:00'),
(8, 6, 39, 2, '2021-07-16 12:00:00', '2021-07-16 13:00:00'),
(8, 6, 39, 2, '2021-07-23 12:00:00', '2021-07-23 13:00:00'),
(8, 6, 39, 2, '2021-07-30 12:00:00', '2021-07-30 13:00:00'),
(8, 6, 39, 2, '2021-08-06 12:00:00', '2021-08-06 13:00:00'),
(8, 6, 39, 2, '2021-08-13 12:00:00', '2021-08-13 13:00:00'),
(8, 6, 39, 2, '2021-08-20 12:00:00', '2021-08-20 13:00:00'),
(8, 6, 39, 2, '2021-08-27 12:00:00', '2021-08-27 13:00:00'),
(8, 6, 39, 2, '2021-09-03 12:00:00', '2021-09-03 13:00:00'),
(8, 6, 39, 2, '2021-09-10 12:00:00', '2021-09-10 13:00:00'),
(8, 6, 39, 2, '2021-09-17 12:00:00', '2021-09-17 13:00:00'),
(8, 6, 39, 2, '2021-07-09 12:00:00', '2021-07-09 13:00:00'),
(8, 6, 39, 2, '2021-09-24 12:00:00', '2021-09-24 13:00:00'),
(8, 6, 39, 2, '2021-10-08 12:00:00', '2021-10-08 13:00:00'),
(8, 6, 39, 2, '2021-10-15 12:00:00', '2021-10-15 13:00:00'),
(8, 6, 39, 2, '2021-10-22 12:00:00', '2021-10-22 13:00:00'),
(8, 6, 39, 2, '2021-10-29 12:00:00', '2021-10-29 13:00:00'),
(8, 6, 39, 2, '2021-11-05 12:00:00', '2021-11-05 13:00:00'),
(8, 6, 39, 2, '2021-11-12 12:00:00', '2021-11-12 13:00:00'),
(8, 6, 39, 2, '2021-11-19 12:00:00', '2021-11-19 13:00:00'),
(8, 6, 39, 2, '2021-11-26 12:00:00', '2021-11-26 13:00:00'),
(8, 6, 39, 2, '2021-12-03 12:00:00', '2021-12-03 13:00:00'),
(8, 6, 39, 2, '2021-12-10 12:00:00', '2021-12-10 13:00:00'),
(8, 6, 39, 2, '2021-10-01 12:00:00', '2021-10-01 13:00:00'),
(8, 6, 39, 2, '2021-12-17 12:00:00', '2021-12-17 13:00:00'),
(8, 6, 39, 2, '2021-07-02 12:00:00', '2021-07-02 13:00:00'),
(8, 6, 39, 2, '2021-06-18 12:00:00', '2021-06-18 13:00:00'),
(8, 6, 39, 2, '2021-01-15 12:00:00', '2021-01-15 13:00:00'),
(8, 6, 39, 2, '2021-01-22 12:00:00', '2021-01-22 13:00:00'),
(8, 6, 39, 2, '2021-01-29 12:00:00', '2021-01-29 13:00:00'),
(8, 6, 39, 2, '2021-02-05 12:00:00', '2021-02-05 13:00:00'),
(8, 6, 39, 2, '2021-02-12 12:00:00', '2021-02-12 13:00:00'),
(8, 6, 39, 2, '2021-02-19 12:00:00', '2021-02-19 13:00:00'),
(8, 6, 39, 2, '2021-02-26 12:00:00', '2021-02-26 13:00:00'),
(8, 6, 39, 2, '2021-03-05 12:00:00', '2021-03-05 13:00:00'),
(8, 6, 39, 2, '2021-03-12 12:00:00', '2021-03-12 13:00:00'),
(8, 6, 39, 2, '2021-03-19 12:00:00', '2021-03-19 13:00:00'),
(8, 6, 39, 2, '2021-06-25 12:00:00', '2021-06-25 13:00:00'),
(8, 6, 39, 2, '2021-03-26 12:00:00', '2021-03-26 13:00:00'),
(8, 6, 39, 2, '2021-04-09 12:00:00', '2021-04-09 13:00:00'),
(8, 6, 39, 2, '2021-04-16 12:00:00', '2021-04-16 13:00:00'),
(8, 6, 39, 2, '2021-04-23 12:00:00', '2021-04-23 13:00:00'),
(8, 6, 39, 2, '2021-04-30 12:00:00', '2021-04-30 13:00:00'),
(8, 6, 39, 2, '2021-05-07 12:00:00', '2021-05-07 13:00:00'),
(8, 6, 39, 2, '2021-05-14 12:00:00', '2021-05-14 13:00:00'),
(8, 6, 39, 2, '2021-05-21 12:00:00', '2021-05-21 13:00:00'),
(8, 6, 39, 2, '2021-05-28 12:00:00', '2021-05-28 13:00:00'),
(8, 6, 39, 2, '2021-06-04 12:00:00', '2021-06-04 13:00:00'),
(8, 6, 39, 2, '2021-06-11 12:00:00', '2021-06-11 13:00:00'),
(8, 6, 39, 2, '2021-04-02 12:00:00', '2021-04-02 13:00:00'),
(8, 6, 39, 2, '2021-12-24 12:00:00', '2021-12-24 13:00:00')
;

UNLOCK TABLES;

LOCK TABLES `Visits` WRITE;

INSERT INTO `Visits`
(`StudentID`, `LessonID`, `StudentMark`, `Presence`)
VALUES
(1, 1, 0, 0),
(1, 2, 96, 1),
(1, 3, 0, 0),
(1, 4, 82, 1),
(1, 5, 82, 1),
(1, 6, 94, 1),
(1, 7, 88, 1),
(1, 8, 0, 0),
(1, 9, 73, 1),
(1, 10, 85, 1),
(1, 11, 88, 1),
(1, 12, 98, 1),
(1, 13, 81, 1),
(2, 1, 81, 1),
(2, 2, 80, 1),
(2, 3, 92, 1),
(2, 4, 85, 1),
(2, 5, 100, 1),
(2, 6, 78, 1),
(2, 7, 0, 0),
(2, 8, 81, 1),
(2, 9, 89, 1),
(2, 10, 78, 1),
(2, 11, 94, 1),
(2, 12, 86, 1),
(2, 13, 95, 1),
(3, 1, 78, 1),
(3, 2, 80, 1),
(3, 3, 86, 1),
(3, 4, 77, 1),
(3, 5, 71, 1),
(3, 6, 68, 1),
(3, 7, 0, 0),
(3, 8, 88, 1),
(3, 9, 0, 0),
(3, 10, 93, 1),
(3, 11, 94, 1),
(3, 12, 98, 1),
(3, 13, 100, 1),
(16, 1, 70, 1),
(16, 2, 69, 1),
(16, 3, 72, 1),
(16, 4, 94, 1),
(16, 5, 83, 1),
(16, 6, 0, 0),
(16, 7, 99, 1),
(16, 8, 70, 1),
(16, 9, 96, 1),
(16, 10, 0, 0),
(16, 11, 87, 1),
(16, 12, 80, 1),
(16, 13, 75, 1),
(17, 1, 89, 1),
(17, 2, 97, 1),
(17, 3, 94, 1),
(17, 4, 70, 1),
(17, 5, 93, 1),
(17, 6, 86, 1),
(17, 7, 100, 1),
(17, 8, 85, 1),
(17, 9, 0, 0),
(17, 10, 80, 1),
(17, 11, 82, 1),
(17, 12, 78, 1),
(17, 13, 86, 1),
(18, 1, 71, 1),
(18, 2, 86, 1),
(18, 3, 68, 1),
(18, 4, 0, 0),
(18, 5, 91, 1),
(18, 6, 84, 1),
(18, 7, 94, 1),
(18, 8, 73, 1),
(18, 9, 0, 0),
(18, 10, 87, 1),
(18, 11, 95, 1),
(18, 12, 72, 1),
(18, 13, 83, 1),
(4, 14, 0, 0),
(4, 15, 0, 0),
(4, 16, 88, 1),
(4, 17, 0, 0),
(4, 18, 0, 0),
(4, 19, 83, 1),
(4, 20, 80, 1),
(4, 21, 83, 1),
(4, 22, 88, 1),
(4, 23, 72, 1),
(4, 24, 99, 1),
(4, 25, 88, 1),
(4, 26, 94, 1),
(4, 27, 83, 1),
(4, 28, 90, 1),
(4, 29, 92, 1),
(4, 30, 99, 1),
(4, 31, 69, 1),
(4, 32, 84, 1),
(4, 33, 72, 1),
(4, 34, 91, 1),
(4, 35, 0, 0),
(4, 36, 73, 1),
(4, 37, 88, 1),
(4, 38, 80, 1),
(4, 39, 94, 1),
(4, 40, 99, 1),
(4, 41, 90, 1),
(4, 42, 93, 1),
(4, 43, 0, 0),
(4, 44, 76, 1),
(4, 45, 89, 1),
(4, 46, 0, 0),
(4, 47, 79, 1),
(4, 48, 0, 0),
(4, 49, 94, 1),
(4, 50, 80, 1),
(4, 51, 82, 1),
(4, 52, 81, 1),
(4, 53, 98, 1),
(4, 54, 97, 1),
(4, 55, 78, 1),
(4, 56, 97, 1),
(4, 57, 72, 1),
(4, 58, 69, 1),
(4, 59, 77, 1),
(4, 60, 98, 1),
(4, 61, 100, 1),
(4, 62, 91, 1),
(4, 63, 71, 1),
(5, 14, 95, 1),
(5, 15, 85, 1),
(5, 16, 77, 1),
(5, 17, 68, 1),
(5, 18, 0, 0),
(5, 19, 88, 1),
(5, 20, 91, 1),
(5, 21, 83, 1),
(5, 22, 100, 1),
(5, 23, 73, 1),
(5, 24, 80, 1),
(5, 25, 0, 0),
(5, 26, 100, 1),
(5, 27, 72, 1),
(5, 28, 81, 1),
(5, 29, 74, 1),
(5, 30, 86, 1),
(5, 31, 0, 0),
(5, 32, 75, 1),
(5, 33, 90, 1),
(5, 34, 98, 1),
(5, 35, 98, 1),
(5, 36, 98, 1),
(5, 37, 73, 1),
(5, 38, 91, 1),
(5, 39, 90, 1),
(5, 40, 97, 1),
(5, 41, 98, 1),
(5, 42, 90, 1),
(5, 43, 0, 0),
(5, 44, 88, 1),
(5, 45, 99, 1),
(5, 46, 80, 1),
(5, 47, 78, 1),
(5, 48, 0, 0),
(5, 49, 77, 1),
(5, 50, 96, 1),
(5, 51, 81, 1),
(5, 52, 78, 1),
(5, 53, 68, 1),
(5, 54, 98, 1),
(5, 55, 79, 1),
(5, 56, 68, 1),
(5, 57, 82, 1),
(5, 58, 0, 0),
(5, 59, 76, 1),
(5, 60, 90, 1),
(5, 61, 76, 1),
(5, 62, 75, 1),
(5, 63, 0, 0),
(6, 14, 90, 1),
(6, 15, 0, 0),
(6, 16, 70, 1),
(6, 17, 83, 1),
(6, 18, 74, 1),
(6, 19, 78, 1),
(6, 20, 78, 1),
(6, 21, 73, 1),
(6, 22, 0, 0),
(6, 23, 88, 1),
(6, 24, 70, 1),
(6, 25, 80, 1),
(6, 26, 78, 1),
(6, 27, 94, 1),
(6, 28, 77, 1),
(6, 29, 80, 1),
(6, 30, 85, 1),
(6, 31, 74, 1),
(6, 32, 80, 1),
(6, 33, 74, 1),
(6, 34, 84, 1),
(6, 35, 88, 1),
(6, 36, 0, 0),
(6, 37, 0, 0),
(6, 38, 96, 1),
(6, 39, 94, 1),
(6, 40, 0, 0),
(6, 41, 70, 1),
(6, 42, 81, 1),
(6, 43, 70, 1),
(6, 44, 0, 0),
(6, 45, 90, 1),
(6, 46, 99, 1),
(6, 47, 0, 0),
(6, 48, 94, 1),
(6, 49, 82, 1),
(6, 50, 91, 1),
(6, 51, 85, 1),
(6, 52, 0, 0),
(6, 53, 72, 1),
(6, 54, 80, 1),
(6, 55, 84, 1),
(6, 56, 71, 1),
(6, 57, 85, 1),
(6, 58, 97, 1),
(6, 59, 80, 1),
(6, 60, 80, 1),
(6, 61, 0, 0),
(6, 62, 69, 1),
(6, 63, 72, 1),
(7, 14, 78, 1),
(7, 15, 84, 1),
(7, 16, 81, 1),
(7, 17, 0, 0),
(7, 18, 74, 1),
(7, 19, 90, 1),
(7, 20, 0, 0),
(7, 21, 71, 1),
(7, 22, 0, 0),
(7, 23, 94, 1),
(7, 24, 96, 1),
(7, 25, 92, 1),
(7, 26, 68, 1),
(7, 27, 84, 1),
(7, 28, 69, 1),
(7, 29, 70, 1),
(7, 30, 89, 1),
(7, 31, 92, 1),
(7, 32, 78, 1),
(7, 33, 74, 1),
(7, 34, 0, 0),
(7, 35, 99, 1),
(7, 36, 73, 1),
(7, 37, 0, 0),
(7, 38, 80, 1),
(7, 39, 84, 1),
(7, 40, 0, 0),
(7, 41, 97, 1),
(7, 42, 94, 1),
(7, 43, 76, 1),
(7, 44, 80, 1),
(7, 45, 80, 1),
(7, 46, 89, 1),
(7, 47, 73, 1),
(7, 48, 98, 1),
(7, 49, 95, 1),
(7, 50, 0, 0),
(7, 51, 98, 1),
(7, 52, 91, 1),
(7, 53, 76, 1),
(7, 54, 0, 0),
(7, 55, 78, 1),
(7, 56, 0, 0),
(7, 57, 88, 1),
(7, 58, 91, 1),
(7, 59, 89, 1),
(7, 60, 0, 0),
(7, 61, 74, 1),
(7, 62, 94, 1),
(7, 63, 71, 1),
(19, 14, 82, 1),
(19, 15, 84, 1),
(19, 16, 85, 1),
(19, 17, 97, 1),
(19, 18, 98, 1),
(19, 19, 86, 1),
(19, 20, 81, 1),
(19, 21, 0, 0),
(19, 22, 68, 1),
(19, 23, 72, 1),
(19, 24, 79, 1),
(19, 25, 74, 1),
(19, 26, 75, 1),
(19, 27, 84, 1),
(19, 28, 99, 1),
(19, 29, 71, 1),
(19, 30, 0, 0),
(19, 31, 90, 1),
(19, 32, 96, 1),
(19, 33, 91, 1),
(19, 34, 85, 1),
(19, 35, 0, 0),
(19, 36, 71, 1),
(19, 37, 93, 1),
(19, 38, 78, 1),
(19, 39, 75, 1),
(19, 40, 88, 1),
(19, 41, 0, 0),
(19, 42, 88, 1),
(19, 43, 84, 1),
(19, 44, 76, 1),
(19, 45, 92, 1),
(19, 46, 85, 1),
(19, 47, 74, 1),
(19, 48, 97, 1),
(19, 49, 0, 0),
(19, 50, 87, 1),
(19, 51, 0, 0),
(19, 52, 87, 1),
(19, 53, 84, 1),
(19, 54, 88, 1),
(19, 55, 70, 1),
(19, 56, 94, 1),
(19, 57, 87, 1),
(19, 58, 89, 1),
(19, 59, 91, 1),
(19, 60, 73, 1),
(19, 61, 87, 1),
(19, 62, 0, 0),
(19, 63, 98, 1),
(20, 14, 74, 1),
(20, 15, 85, 1),
(20, 16, 74, 1),
(20, 17, 76, 1),
(20, 18, 78, 1),
(20, 19, 68, 1),
(20, 20, 100, 1),
(20, 21, 0, 0),
(20, 22, 74, 1),
(20, 23, 94, 1),
(20, 24, 84, 1),
(20, 25, 75, 1),
(20, 26, 82, 1),
(20, 27, 71, 1),
(20, 28, 71, 1),
(20, 29, 77, 1),
(20, 30, 82, 1),
(20, 31, 98, 1),
(20, 32, 88, 1),
(20, 33, 80, 1),
(20, 34, 97, 1),
(20, 35, 70, 1),
(20, 36, 78, 1),
(20, 37, 81, 1),
(20, 38, 0, 0),
(20, 39, 74, 1),
(20, 40, 0, 0),
(20, 41, 88, 1),
(20, 42, 77, 1),
(20, 43, 77, 1),
(20, 44, 0, 0),
(20, 45, 0, 0),
(20, 46, 0, 0),
(20, 47, 96, 1),
(20, 48, 99, 1),
(20, 49, 98, 1),
(20, 50, 90, 1),
(20, 51, 73, 1),
(20, 52, 0, 0),
(20, 53, 76, 1),
(20, 54, 91, 1),
(20, 55, 93, 1),
(20, 56, 87, 1),
(20, 57, 0, 0),
(20, 58, 77, 1),
(20, 59, 92, 1),
(20, 60, 90, 1),
(20, 61, 0, 0),
(20, 62, 72, 1),
(20, 63, 88, 1),
(21, 14, 94, 1),
(21, 15, 86, 1),
(21, 16, 76, 1),
(21, 17, 94, 1),
(21, 18, 0, 0),
(21, 19, 68, 1),
(21, 20, 98, 1),
(21, 21, 0, 0),
(21, 22, 81, 1),
(21, 23, 75, 1),
(21, 24, 87, 1),
(21, 25, 73, 1),
(21, 26, 0, 0),
(21, 27, 72, 1),
(21, 28, 82, 1),
(21, 29, 76, 1),
(21, 30, 0, 0),
(21, 31, 76, 1),
(21, 32, 83, 1),
(21, 33, 68, 1),
(21, 34, 70, 1),
(21, 35, 84, 1),
(21, 36, 0, 0),
(21, 37, 89, 1),
(21, 38, 84, 1),
(21, 39, 0, 0),
(21, 40, 75, 1),
(21, 41, 76, 1),
(21, 42, 70, 1),
(21, 43, 84, 1),
(21, 44, 72, 1),
(21, 45, 0, 0),
(21, 46, 82, 1),
(21, 47, 90, 1),
(21, 48, 87, 1),
(21, 49, 74, 1),
(21, 50, 78, 1),
(21, 51, 94, 1),
(21, 52, 72, 1),
(21, 53, 78, 1),
(21, 54, 69, 1),
(21, 55, 70, 1),
(21, 56, 0, 0),
(21, 57, 95, 1),
(21, 58, 80, 1),
(21, 59, 69, 1),
(21, 60, 89, 1),
(21, 61, 70, 1),
(21, 62, 69, 1),
(21, 63, 100, 1),
(22, 14, 78, 1),
(22, 15, 83, 1),
(22, 16, 0, 0),
(22, 17, 100, 1),
(22, 18, 93, 1),
(22, 19, 76, 1),
(22, 20, 0, 0),
(22, 21, 78, 1),
(22, 22, 0, 0),
(22, 23, 91, 1),
(22, 24, 76, 1),
(22, 25, 99, 1),
(22, 26, 80, 1),
(22, 27, 0, 0),
(22, 28, 0, 0),
(22, 29, 94, 1),
(22, 30, 96, 1),
(22, 31, 91, 1),
(22, 32, 93, 1),
(22, 33, 77, 1),
(22, 34, 96, 1),
(22, 35, 72, 1),
(22, 36, 90, 1),
(22, 37, 98, 1),
(22, 38, 99, 1),
(22, 39, 79, 1),
(22, 40, 94, 1),
(22, 41, 0, 0),
(22, 42, 0, 0),
(22, 43, 75, 1),
(22, 44, 88, 1),
(22, 45, 0, 0),
(22, 46, 70, 1),
(22, 47, 98, 1),
(22, 48, 97, 1),
(22, 49, 70, 1),
(22, 50, 99, 1),
(22, 51, 91, 1),
(22, 52, 91, 1),
(22, 53, 0, 0),
(22, 54, 69, 1),
(22, 55, 0, 0),
(22, 56, 88, 1),
(22, 57, 96, 1),
(22, 58, 69, 1),
(22, 59, 94, 1),
(22, 60, 90, 1),
(22, 61, 80, 1),
(22, 62, 91, 1),
(22, 63, 74, 1),
(8, 64, 82, 1),
(8, 65, 0, 0),
(8, 66, 87, 1),
(8, 67, 97, 1),
(8, 68, 73, 1),
(8, 69, 89, 1),
(8, 70, 90, 1),
(8, 71, 71, 1),
(8, 72, 0, 0),
(8, 73, 0, 0),
(8, 74, 0, 0),
(8, 75, 0, 0),
(8, 76, 71, 1),
(8, 77, 100, 1),
(8, 78, 84, 1),
(8, 79, 68, 1),
(8, 80, 68, 1),
(8, 81, 92, 1),
(8, 82, 82, 1),
(8, 83, 69, 1),
(8, 84, 91, 1),
(8, 85, 90, 1),
(8, 86, 99, 1),
(8, 87, 79, 1),
(8, 88, 72, 1),
(8, 89, 82, 1),
(8, 90, 0, 0),
(8, 91, 86, 1),
(8, 92, 77, 1),
(8, 93, 69, 1),
(8, 94, 85, 1),
(8, 95, 93, 1),
(8, 96, 98, 1),
(8, 97, 0, 0),
(8, 98, 79, 1),
(8, 99, 98, 1),
(8, 100, 89, 1),
(8, 101, 79, 1),
(8, 102, 88, 1),
(8, 103, 88, 1),
(8, 104, 76, 1),
(8, 105, 95, 1),
(8, 106, 74, 1),
(8, 107, 0, 0),
(8, 108, 83, 1),
(8, 109, 68, 1),
(8, 110, 80, 1),
(8, 111, 68, 1),
(8, 112, 0, 0),
(8, 113, 72, 1),
(9, 64, 92, 1),
(9, 65, 85, 1),
(9, 66, 89, 1),
(9, 67, 0, 0),
(9, 68, 0, 0),
(9, 69, 89, 1),
(9, 70, 87, 1),
(9, 71, 0, 0),
(9, 72, 0, 0),
(9, 73, 70, 1),
(9, 74, 82, 1),
(9, 75, 94, 1),
(9, 76, 96, 1),
(9, 77, 0, 0),
(9, 78, 74, 1),
(9, 79, 96, 1),
(9, 80, 79, 1),
(9, 81, 70, 1),
(9, 82, 0, 0),
(9, 83, 76, 1),
(9, 84, 76, 1),
(9, 85, 69, 1),
(9, 86, 0, 0),
(9, 87, 94, 1),
(9, 88, 80, 1),
(9, 89, 91, 1),
(9, 90, 0, 0),
(9, 91, 76, 1),
(9, 92, 88, 1),
(9, 93, 88, 1),
(9, 94, 70, 1),
(9, 95, 71, 1),
(9, 96, 99, 1),
(9, 97, 0, 0),
(9, 98, 88, 1),
(9, 99, 92, 1),
(9, 100, 0, 0),
(9, 101, 86, 1),
(9, 102, 88, 1),
(9, 103, 78, 1),
(9, 104, 0, 0),
(9, 105, 96, 1),
(9, 106, 77, 1),
(9, 107, 99, 1),
(9, 108, 76, 1),
(9, 109, 70, 1),
(9, 110, 78, 1),
(9, 111, 0, 0),
(9, 112, 84, 1),
(9, 113, 0, 0),
(10, 64, 82, 1),
(10, 65, 70, 1),
(10, 66, 98, 1),
(10, 67, 74, 1),
(10, 68, 82, 1),
(10, 69, 73, 1),
(10, 70, 85, 1),
(10, 71, 0, 0),
(10, 72, 86, 1),
(10, 73, 80, 1),
(10, 74, 0, 0),
(10, 75, 0, 0),
(10, 76, 80, 1),
(10, 77, 79, 1),
(10, 78, 78, 1),
(10, 79, 88, 1),
(10, 80, 98, 1),
(10, 81, 0, 0),
(10, 82, 70, 1),
(10, 83, 81, 1),
(10, 84, 91, 1),
(10, 85, 89, 1),
(10, 86, 90, 1),
(10, 87, 72, 1),
(10, 88, 85, 1),
(10, 89, 80, 1),
(10, 90, 76, 1),
(10, 91, 69, 1),
(10, 92, 85, 1),
(10, 93, 69, 1),
(10, 94, 83, 1),
(10, 95, 83, 1),
(10, 96, 82, 1),
(10, 97, 0, 0),
(10, 98, 90, 1),
(10, 99, 82, 1),
(10, 100, 68, 1),
(10, 101, 0, 0),
(10, 102, 82, 1),
(10, 103, 78, 1),
(10, 104, 76, 1),
(10, 105, 94, 1),
(10, 106, 96, 1),
(10, 107, 94, 1),
(10, 108, 0, 0),
(10, 109, 72, 1),
(10, 110, 84, 1),
(10, 111, 92, 1),
(10, 112, 76, 1),
(10, 113, 79, 1),
(11, 64, 88, 1),
(11, 65, 70, 1),
(11, 66, 0, 0),
(11, 67, 83, 1),
(11, 68, 0, 0),
(11, 69, 78, 1),
(11, 70, 94, 1),
(11, 71, 90, 1),
(11, 72, 79, 1),
(11, 73, 96, 1),
(11, 74, 94, 1),
(11, 75, 72, 1),
(11, 76, 78, 1),
(11, 77, 87, 1),
(11, 78, 0, 0),
(11, 79, 72, 1),
(11, 80, 93, 1),
(11, 81, 0, 0),
(11, 82, 72, 1),
(11, 83, 98, 1),
(11, 84, 78, 1),
(11, 85, 68, 1),
(11, 86, 79, 1),
(11, 87, 84, 1),
(11, 88, 96, 1),
(11, 89, 77, 1),
(11, 90, 94, 1),
(11, 91, 76, 1),
(11, 92, 77, 1),
(11, 93, 98, 1),
(11, 94, 96, 1),
(11, 95, 75, 1),
(11, 96, 0, 0),
(11, 97, 83, 1),
(11, 98, 90, 1),
(11, 99, 90, 1),
(11, 100, 93, 1),
(11, 101, 0, 0),
(11, 102, 88, 1),
(11, 103, 76, 1),
(11, 104, 91, 1),
(11, 105, 78, 1),
(11, 106, 68, 1),
(11, 107, 82, 1),
(11, 108, 0, 0),
(11, 109, 89, 1),
(11, 110, 0, 0),
(11, 111, 0, 0),
(11, 112, 100, 1),
(11, 113, 88, 1),
(23, 64, 98, 1),
(23, 65, 81, 1),
(23, 66, 0, 0),
(23, 67, 98, 1),
(23, 68, 70, 1),
(23, 69, 0, 0),
(23, 70, 94, 1),
(23, 71, 0, 0),
(23, 72, 0, 0),
(23, 73, 84, 1),
(23, 74, 94, 1),
(23, 75, 79, 1),
(23, 76, 83, 1),
(23, 77, 77, 1),
(23, 78, 91, 1),
(23, 79, 68, 1),
(23, 80, 0, 0),
(23, 81, 70, 1),
(23, 82, 72, 1),
(23, 83, 92, 1),
(23, 84, 0, 0),
(23, 85, 96, 1),
(23, 86, 79, 1),
(23, 87, 75, 1),
(23, 88, 89, 1),
(23, 89, 74, 1),
(23, 90, 0, 0),
(23, 91, 98, 1),
(23, 92, 97, 1),
(23, 93, 72, 1),
(23, 94, 0, 0),
(23, 95, 92, 1),
(23, 96, 73, 1),
(23, 97, 92, 1),
(23, 98, 77, 1),
(23, 99, 90, 1),
(23, 100, 95, 1),
(23, 101, 83, 1),
(23, 102, 74, 1),
(23, 103, 94, 1),
(23, 104, 68, 1),
(23, 105, 80, 1),
(23, 106, 0, 0),
(23, 107, 94, 1),
(23, 108, 0, 0),
(23, 109, 0, 0),
(23, 110, 98, 1),
(23, 111, 83, 1),
(23, 112, 87, 1),
(23, 113, 99, 1),
(24, 64, 88, 1),
(24, 65, 70, 1),
(24, 66, 0, 0),
(24, 67, 97, 1),
(24, 68, 70, 1),
(24, 69, 87, 1),
(24, 70, 79, 1),
(24, 71, 92, 1),
(24, 72, 69, 1),
(24, 73, 75, 1),
(24, 74, 80, 1),
(24, 75, 72, 1),
(24, 76, 86, 1),
(24, 77, 92, 1),
(24, 78, 0, 0),
(24, 79, 85, 1),
(24, 80, 90, 1),
(24, 81, 0, 0),
(24, 82, 0, 0),
(24, 83, 90, 1),
(24, 84, 0, 0),
(24, 85, 69, 1),
(24, 86, 80, 1),
(24, 87, 86, 1),
(24, 88, 98, 1),
(24, 89, 82, 1),
(24, 90, 72, 1),
(24, 91, 94, 1),
(24, 92, 0, 0),
(24, 93, 69, 1),
(24, 94, 83, 1),
(24, 95, 68, 1),
(24, 96, 0, 0),
(24, 97, 97, 1),
(24, 98, 78, 1),
(24, 99, 100, 1),
(24, 100, 76, 1),
(24, 101, 0, 0),
(24, 102, 93, 1),
(24, 103, 86, 1),
(24, 104, 89, 1),
(24, 105, 0, 0),
(24, 106, 86, 1),
(24, 107, 85, 1),
(24, 108, 95, 1),
(24, 109, 72, 1),
(24, 110, 85, 1),
(24, 111, 69, 1),
(24, 112, 0, 0),
(24, 113, 91, 1),
(25, 64, 88, 1),
(25, 65, 70, 1),
(25, 66, 0, 0),
(25, 67, 74, 1),
(25, 68, 99, 1),
(25, 69, 93, 1),
(25, 70, 80, 1),
(25, 71, 86, 1),
(25, 72, 74, 1),
(25, 73, 85, 1),
(25, 74, 80, 1),
(25, 75, 69, 1),
(25, 76, 71, 1),
(25, 77, 81, 1),
(25, 78, 98, 1),
(25, 79, 100, 1),
(25, 80, 78, 1),
(25, 81, 91, 1),
(25, 82, 0, 0),
(25, 83, 79, 1),
(25, 84, 71, 1),
(25, 85, 94, 1),
(25, 86, 72, 1),
(25, 87, 98, 1),
(25, 88, 93, 1),
(25, 89, 86, 1),
(25, 90, 83, 1),
(25, 91, 96, 1),
(25, 92, 100, 1),
(25, 93, 0, 0),
(25, 94, 93, 1),
(25, 95, 84, 1),
(25, 96, 0, 0),
(25, 97, 0, 0),
(25, 98, 97, 1),
(25, 99, 72, 1),
(25, 100, 90, 1),
(25, 101, 76, 1),
(25, 102, 80, 1),
(25, 103, 86, 1),
(25, 104, 86, 1),
(25, 105, 86, 1),
(25, 106, 81, 1),
(25, 107, 100, 1),
(25, 108, 86, 1),
(25, 109, 80, 1),
(25, 110, 74, 1),
(25, 111, 93, 1),
(25, 112, 70, 1),
(25, 113, 75, 1),
(26, 64, 76, 1),
(26, 65, 94, 1),
(26, 66, 74, 1),
(26, 67, 86, 1),
(26, 68, 72, 1),
(26, 69, 84, 1),
(26, 70, 72, 1),
(26, 71, 0, 0),
(26, 72, 0, 0),
(26, 73, 96, 1),
(26, 74, 0, 0),
(26, 75, 97, 1),
(26, 76, 0, 0),
(26, 77, 91, 1),
(26, 78, 0, 0),
(26, 79, 69, 1),
(26, 80, 99, 1),
(26, 81, 76, 1),
(26, 82, 93, 1),
(26, 83, 92, 1),
(26, 84, 89, 1),
(26, 85, 0, 0),
(26, 86, 73, 1),
(26, 87, 89, 1),
(26, 88, 72, 1),
(26, 89, 0, 0),
(26, 90, 70, 1),
(26, 91, 0, 0),
(26, 92, 75, 1),
(26, 93, 79, 1),
(26, 94, 68, 1),
(26, 95, 80, 1),
(26, 96, 79, 1),
(26, 97, 70, 1),
(26, 98, 86, 1),
(26, 99, 95, 1),
(26, 100, 99, 1),
(26, 101, 0, 0),
(26, 102, 0, 0),
(26, 103, 71, 1),
(26, 104, 87, 1),
(26, 105, 81, 1),
(26, 106, 72, 1),
(26, 107, 90, 1),
(26, 108, 86, 1),
(26, 109, 0, 0),
(26, 110, 100, 1),
(26, 111, 80, 1),
(26, 112, 100, 1),
(26, 113, 76, 1),
(12, 114, 90, 1),
(12, 115, 0, 0),
(12, 116, 80, 1),
(12, 117, 77, 1),
(12, 118, 78, 1),
(12, 119, 0, 0),
(12, 120, 70, 1),
(12, 121, 0, 0),
(12, 122, 86, 1),
(12, 123, 76, 1),
(12, 124, 82, 1),
(12, 125, 71, 1),
(12, 126, 96, 1),
(12, 127, 82, 1),
(12, 128, 82, 1),
(12, 129, 84, 1),
(12, 130, 86, 1),
(12, 131, 71, 1),
(12, 132, 81, 1),
(12, 133, 96, 1),
(12, 134, 0, 0),
(12, 135, 0, 0),
(12, 136, 91, 1),
(12, 137, 71, 1),
(12, 138, 78, 1),
(12, 139, 88, 1),
(12, 140, 72, 1),
(12, 141, 73, 1),
(12, 142, 98, 1),
(12, 143, 0, 0),
(12, 144, 69, 1),
(12, 145, 95, 1),
(12, 146, 0, 0),
(12, 147, 0, 0),
(12, 148, 86, 1),
(12, 149, 81, 1),
(12, 150, 69, 1),
(12, 151, 95, 1),
(12, 152, 0, 0),
(12, 153, 84, 1),
(12, 154, 69, 1),
(12, 155, 73, 1),
(12, 156, 90, 1),
(12, 157, 70, 1),
(12, 158, 0, 0),
(12, 159, 0, 0),
(12, 160, 90, 1),
(12, 161, 86, 1),
(12, 162, 78, 1),
(12, 163, 91, 1),
(13, 114, 98, 1),
(13, 115, 90, 1),
(13, 116, 76, 1),
(13, 117, 84, 1),
(13, 118, 71, 1),
(13, 119, 97, 1),
(13, 120, 0, 0),
(13, 121, 84, 1),
(13, 122, 78, 1),
(13, 123, 84, 1),
(13, 124, 86, 1),
(13, 125, 78, 1),
(13, 126, 71, 1),
(13, 127, 0, 0),
(13, 128, 0, 0),
(13, 129, 92, 1),
(13, 130, 0, 0),
(13, 131, 86, 1),
(13, 132, 0, 0),
(13, 133, 90, 1),
(13, 134, 72, 1),
(13, 135, 92, 1),
(13, 136, 78, 1),
(13, 137, 82, 1),
(13, 138, 91, 1),
(13, 139, 98, 1),
(13, 140, 0, 0),
(13, 141, 76, 1),
(13, 142, 90, 1),
(13, 143, 77, 1),
(13, 144, 92, 1),
(13, 145, 76, 1),
(13, 146, 0, 0),
(13, 147, 73, 1),
(13, 148, 87, 1),
(13, 149, 0, 0),
(13, 150, 93, 1),
(13, 151, 98, 1),
(13, 152, 100, 1),
(13, 153, 89, 1),
(13, 154, 74, 1),
(13, 155, 89, 1),
(13, 156, 81, 1),
(13, 157, 72, 1),
(13, 158, 90, 1),
(13, 159, 0, 0),
(13, 160, 88, 1),
(13, 161, 93, 1),
(13, 162, 75, 1),
(13, 163, 81, 1),
(14, 114, 72, 1),
(14, 115, 75, 1),
(14, 116, 92, 1),
(14, 117, 86, 1),
(14, 118, 86, 1),
(14, 119, 69, 1),
(14, 120, 71, 1),
(14, 121, 75, 1),
(14, 122, 0, 0),
(14, 123, 74, 1),
(14, 124, 99, 1),
(14, 125, 68, 1),
(14, 126, 0, 0),
(14, 127, 79, 1),
(14, 128, 76, 1),
(14, 129, 0, 0),
(14, 130, 94, 1),
(14, 131, 71, 1),
(14, 132, 0, 0),
(14, 133, 94, 1),
(14, 134, 90, 1),
(14, 135, 90, 1),
(14, 136, 90, 1),
(14, 137, 72, 1),
(14, 138, 0, 0),
(14, 139, 95, 1),
(14, 140, 0, 0),
(14, 141, 0, 0),
(14, 142, 0, 0),
(14, 143, 98, 1),
(14, 144, 76, 1),
(14, 145, 79, 1),
(14, 146, 80, 1),
(14, 147, 86, 1),
(14, 148, 86, 1),
(14, 149, 92, 1),
(14, 150, 93, 1),
(14, 151, 98, 1),
(14, 152, 87, 1),
(14, 153, 84, 1),
(14, 154, 87, 1),
(14, 155, 88, 1),
(14, 156, 82, 1),
(14, 157, 86, 1),
(14, 158, 100, 1),
(14, 159, 86, 1),
(14, 160, 78, 1),
(14, 161, 92, 1),
(14, 162, 88, 1),
(14, 163, 80, 1),
(15, 114, 75, 1),
(15, 115, 74, 1),
(15, 116, 77, 1),
(15, 117, 0, 0),
(15, 118, 84, 1),
(15, 119, 83, 1),
(15, 120, 0, 0),
(15, 121, 0, 0),
(15, 122, 77, 1),
(15, 123, 93, 1),
(15, 124, 94, 1),
(15, 125, 0, 0),
(15, 126, 82, 1),
(15, 127, 70, 1),
(15, 128, 89, 1),
(15, 129, 0, 0),
(15, 130, 84, 1),
(15, 131, 85, 1),
(15, 132, 77, 1),
(15, 133, 87, 1),
(15, 134, 97, 1),
(15, 135, 83, 1),
(15, 136, 0, 0),
(15, 137, 91, 1),
(15, 138, 70, 1),
(15, 139, 78, 1),
(15, 140, 78, 1),
(15, 141, 74, 1),
(15, 142, 80, 1),
(15, 143, 0, 0),
(15, 144, 94, 1),
(15, 145, 84, 1),
(15, 146, 71, 1),
(15, 147, 87, 1),
(15, 148, 78, 1),
(15, 149, 72, 1),
(15, 150, 80, 1),
(15, 151, 83, 1),
(15, 152, 80, 1),
(15, 153, 98, 1),
(15, 154, 77, 1),
(15, 155, 90, 1),
(15, 156, 96, 1),
(15, 157, 0, 0),
(15, 158, 72, 1),
(15, 159, 92, 1),
(15, 160, 72, 1),
(15, 161, 97, 1),
(15, 162, 98, 1),
(15, 163, 79, 1),
(27, 114, 0, 0),
(27, 115, 82, 1),
(27, 116, 0, 0),
(27, 117, 88, 1),
(27, 118, 77, 1),
(27, 119, 74, 1),
(27, 120, 0, 0),
(27, 121, 72, 1),
(27, 122, 93, 1),
(27, 123, 77, 1),
(27, 124, 84, 1),
(27, 125, 93, 1),
(27, 126, 90, 1),
(27, 127, 0, 0),
(27, 128, 73, 1),
(27, 129, 69, 1),
(27, 130, 70, 1),
(27, 131, 75, 1),
(27, 132, 0, 0),
(27, 133, 91, 1),
(27, 134, 82, 1),
(27, 135, 78, 1),
(27, 136, 69, 1),
(27, 137, 70, 1),
(27, 138, 86, 1),
(27, 139, 90, 1),
(27, 140, 94, 1),
(27, 141, 74, 1),
(27, 142, 68, 1),
(27, 143, 79, 1),
(27, 144, 90, 1),
(27, 145, 0, 0),
(27, 146, 0, 0),
(27, 147, 0, 0),
(27, 148, 0, 0),
(27, 149, 0, 0),
(27, 150, 0, 0),
(27, 151, 95, 1),
(27, 152, 88, 1),
(27, 153, 90, 1),
(27, 154, 88, 1),
(27, 155, 90, 1),
(27, 156, 83, 1),
(27, 157, 100, 1),
(27, 158, 75, 1),
(27, 159, 0, 0),
(27, 160, 87, 1),
(27, 161, 69, 1),
(27, 162, 78, 1),
(27, 163, 97, 1),
(28, 114, 82, 1),
(28, 115, 0, 0),
(28, 116, 86, 1),
(28, 117, 88, 1),
(28, 118, 82, 1),
(28, 119, 0, 0),
(28, 120, 75, 1),
(28, 121, 77, 1),
(28, 122, 0, 0),
(28, 123, 76, 1),
(28, 124, 73, 1),
(28, 125, 70, 1),
(28, 126, 90, 1),
(28, 127, 97, 1),
(28, 128, 81, 1),
(28, 129, 68, 1),
(28, 130, 70, 1),
(28, 131, 0, 0),
(28, 132, 88, 1),
(28, 133, 0, 0),
(28, 134, 95, 1),
(28, 135, 99, 1),
(28, 136, 92, 1),
(28, 137, 90, 1),
(28, 138, 0, 0),
(28, 139, 0, 0),
(28, 140, 0, 0),
(28, 141, 89, 1),
(28, 142, 0, 0),
(28, 143, 88, 1),
(28, 144, 86, 1),
(28, 145, 0, 0),
(28, 146, 68, 1),
(28, 147, 83, 1),
(28, 148, 80, 1),
(28, 149, 72, 1),
(28, 150, 87, 1),
(28, 151, 100, 1),
(28, 152, 82, 1),
(28, 153, 93, 1),
(28, 154, 89, 1),
(28, 155, 74, 1),
(28, 156, 95, 1),
(28, 157, 86, 1),
(28, 158, 95, 1),
(28, 159, 100, 1),
(28, 160, 92, 1),
(28, 161, 95, 1),
(28, 162, 0, 0),
(28, 163, 84, 1),
(29, 114, 92, 1),
(29, 115, 91, 1),
(29, 116, 86, 1),
(29, 117, 0, 0),
(29, 118, 69, 1),
(29, 119, 91, 1),
(29, 120, 0, 0),
(29, 121, 98, 1),
(29, 122, 89, 1),
(29, 123, 70, 1),
(29, 124, 96, 1),
(29, 125, 0, 0),
(29, 126, 74, 1),
(29, 127, 73, 1),
(29, 128, 0, 0),
(29, 129, 84, 1),
(29, 130, 82, 1),
(29, 131, 96, 1),
(29, 132, 94, 1),
(29, 133, 80, 1),
(29, 134, 78, 1),
(29, 135, 91, 1),
(29, 136, 92, 1),
(29, 137, 84, 1),
(29, 138, 0, 0),
(29, 139, 79, 1),
(29, 140, 0, 0),
(29, 141, 0, 0),
(29, 142, 0, 0),
(29, 143, 78, 1),
(29, 144, 92, 1),
(29, 145, 91, 1),
(29, 146, 94, 1),
(29, 147, 92, 1),
(29, 148, 98, 1),
(29, 149, 85, 1),
(29, 150, 70, 1),
(29, 151, 99, 1),
(29, 152, 83, 1),
(29, 153, 0, 0),
(29, 154, 90, 1),
(29, 155, 80, 1),
(29, 156, 68, 1),
(29, 157, 68, 1),
(29, 158, 0, 0),
(29, 159, 83, 1),
(29, 160, 96, 1),
(29, 161, 86, 1),
(29, 162, 86, 1),
(29, 163, 78, 1),
(30, 114, 88, 1),
(30, 115, 78, 1),
(30, 116, 98, 1),
(30, 117, 0, 0),
(30, 118, 78, 1),
(30, 119, 99, 1),
(30, 120, 0, 0),
(30, 121, 94, 1),
(30, 122, 0, 0),
(30, 123, 98, 1),
(30, 124, 79, 1),
(30, 125, 79, 1),
(30, 126, 0, 0),
(30, 127, 0, 0),
(30, 128, 80, 1),
(30, 129, 95, 1),
(30, 130, 74, 1),
(30, 131, 80, 1),
(30, 132, 0, 0),
(30, 133, 74, 1),
(30, 134, 97, 1),
(30, 135, 70, 1),
(30, 136, 0, 0),
(30, 137, 0, 0),
(30, 138, 80, 1),
(30, 139, 92, 1),
(30, 140, 91, 1),
(30, 141, 99, 1),
(30, 142, 75, 1),
(30, 143, 95, 1),
(30, 144, 68, 1),
(30, 145, 85, 1),
(30, 146, 86, 1),
(30, 147, 71, 1),
(30, 148, 0, 0),
(30, 149, 98, 1),
(30, 150, 78, 1),
(30, 151, 95, 1),
(30, 152, 78, 1),
(30, 153, 68, 1),
(30, 154, 77, 1),
(30, 155, 0, 0),
(30, 156, 0, 0),
(30, 157, 90, 1),
(30, 158, 88, 1),
(30, 159, 84, 1),
(30, 160, 81, 1),
(30, 161, 74, 1),
(30, 162, 74, 1),
(30, 163, 79, 1),
(4, 164, 74, 1),
(4, 165, 90, 1),
(4, 166, 80, 1),
(4, 167, 100, 1),
(4, 168, 72, 1),
(4, 169, 99, 1),
(4, 170, 0, 0),
(4, 171, 84, 1),
(4, 172, 96, 1),
(4, 173, 74, 1),
(4, 174, 83, 1),
(4, 175, 73, 1),
(4, 176, 0, 0),
(4, 177, 76, 1),
(4, 178, 82, 1),
(4, 179, 98, 1),
(4, 180, 0, 0),
(4, 181, 83, 1),
(4, 182, 0, 0),
(4, 183, 0, 0),
(4, 184, 83, 1),
(4, 185, 97, 1),
(4, 186, 93, 1),
(4, 187, 76, 1),
(4, 188, 0, 0),
(4, 189, 84, 1),
(4, 190, 74, 1),
(4, 191, 68, 1),
(4, 192, 68, 1),
(4, 193, 76, 1),
(4, 194, 0, 0),
(4, 195, 77, 1),
(4, 196, 74, 1),
(4, 197, 99, 1),
(4, 198, 97, 1),
(4, 199, 96, 1),
(4, 200, 0, 0),
(4, 201, 98, 1),
(4, 202, 0, 0),
(4, 203, 73, 1),
(4, 204, 0, 0),
(4, 205, 82, 1),
(4, 206, 76, 1),
(4, 207, 72, 1),
(4, 208, 98, 1),
(4, 209, 68, 1),
(4, 210, 85, 1),
(4, 211, 72, 1),
(4, 212, 97, 1),
(4, 213, 98, 1),
(4, 214, 74, 1),
(4, 215, 78, 1),
(4, 216, 76, 1),
(4, 217, 0, 0),
(4, 218, 80, 1),
(4, 219, 0, 0),
(4, 220, 82, 1),
(4, 221, 69, 1),
(4, 222, 86, 1),
(4, 223, 86, 1),
(4, 224, 86, 1),
(4, 225, 0, 0),
(4, 226, 77, 1),
(4, 227, 76, 1),
(4, 228, 93, 1),
(4, 229, 91, 1),
(4, 230, 0, 0),
(4, 231, 0, 0),
(4, 232, 72, 1),
(4, 233, 78, 1),
(4, 234, 68, 1),
(4, 235, 98, 1),
(4, 236, 69, 1),
(4, 237, 81, 1),
(4, 238, 88, 1),
(4, 239, 83, 1),
(5, 164, 74, 1),
(5, 165, 89, 1),
(5, 166, 78, 1),
(5, 167, 78, 1),
(5, 168, 72, 1),
(5, 169, 0, 0),
(5, 170, 83, 1),
(5, 171, 89, 1),
(5, 172, 72, 1),
(5, 173, 77, 1),
(5, 174, 76, 1),
(5, 175, 96, 1),
(5, 176, 92, 1),
(5, 177, 0, 0),
(5, 178, 85, 1),
(5, 179, 91, 1),
(5, 180, 69, 1),
(5, 181, 0, 0),
(5, 182, 92, 1),
(5, 183, 79, 1),
(5, 184, 94, 1),
(5, 185, 70, 1),
(5, 186, 0, 0),
(5, 187, 0, 0),
(5, 188, 68, 1),
(5, 189, 69, 1),
(5, 190, 88, 1),
(5, 191, 77, 1),
(5, 192, 0, 0),
(5, 193, 87, 1),
(5, 194, 97, 1),
(5, 195, 71, 1),
(5, 196, 68, 1),
(5, 197, 87, 1),
(5, 198, 98, 1),
(5, 199, 94, 1),
(5, 200, 99, 1),
(5, 201, 72, 1),
(5, 202, 0, 0),
(5, 203, 91, 1),
(5, 204, 93, 1),
(5, 205, 74, 1),
(5, 206, 0, 0),
(5, 207, 82, 1),
(5, 208, 0, 0),
(5, 209, 89, 1),
(5, 210, 88, 1),
(5, 211, 0, 0),
(5, 212, 88, 1),
(5, 213, 76, 1),
(5, 214, 95, 1),
(5, 215, 98, 1),
(5, 216, 84, 1),
(5, 217, 0, 0),
(5, 218, 72, 1),
(5, 219, 95, 1),
(5, 220, 69, 1),
(5, 221, 75, 1),
(5, 222, 0, 0),
(5, 223, 0, 0),
(5, 224, 92, 1),
(5, 225, 0, 0),
(5, 226, 0, 0),
(5, 227, 88, 1),
(5, 228, 0, 0),
(5, 229, 77, 1),
(5, 230, 98, 1),
(5, 231, 80, 1),
(5, 232, 0, 0),
(5, 233, 77, 1),
(5, 234, 70, 1),
(5, 235, 96, 1),
(5, 236, 74, 1),
(5, 237, 0, 0),
(5, 238, 70, 1),
(5, 239, 68, 1),
(6, 164, 79, 1),
(6, 165, 91, 1),
(6, 166, 84, 1),
(6, 167, 86, 1),
(6, 168, 84, 1),
(6, 169, 92, 1),
(6, 170, 70, 1),
(6, 171, 86, 1),
(6, 172, 75, 1),
(6, 173, 71, 1),
(6, 174, 96, 1),
(6, 175, 91, 1),
(6, 176, 92, 1),
(6, 177, 79, 1),
(6, 178, 86, 1),
(6, 179, 70, 1),
(6, 180, 90, 1),
(6, 181, 95, 1),
(6, 182, 96, 1),
(6, 183, 100, 1),
(6, 184, 77, 1),
(6, 185, 71, 1),
(6, 186, 100, 1),
(6, 187, 98, 1),
(6, 188, 0, 0),
(6, 189, 71, 1),
(6, 190, 79, 1),
(6, 191, 87, 1),
(6, 192, 80, 1),
(6, 193, 81, 1),
(6, 194, 95, 1),
(6, 195, 90, 1),
(6, 196, 75, 1),
(6, 197, 69, 1),
(6, 198, 0, 0),
(6, 199, 84, 1),
(6, 200, 0, 0),
(6, 201, 93, 1),
(6, 202, 78, 1),
(6, 203, 83, 1),
(6, 204, 69, 1),
(6, 205, 91, 1),
(6, 206, 72, 1),
(6, 207, 77, 1),
(6, 208, 86, 1),
(6, 209, 0, 0),
(6, 210, 81, 1),
(6, 211, 97, 1),
(6, 212, 82, 1),
(6, 213, 97, 1),
(6, 214, 68, 1),
(6, 215, 0, 0),
(6, 216, 97, 1),
(6, 217, 98, 1),
(6, 218, 78, 1),
(6, 219, 72, 1),
(6, 220, 0, 0),
(6, 221, 0, 0),
(6, 222, 90, 1),
(6, 223, 88, 1),
(6, 224, 72, 1),
(6, 225, 78, 1),
(6, 226, 90, 1),
(6, 227, 69, 1),
(6, 228, 100, 1),
(6, 229, 0, 0),
(6, 230, 84, 1),
(6, 231, 100, 1),
(6, 232, 69, 1),
(6, 233, 97, 1),
(6, 234, 84, 1),
(6, 235, 90, 1),
(6, 236, 0, 0),
(6, 237, 94, 1),
(6, 238, 82, 1),
(6, 239, 89, 1),
(7, 164, 73, 1),
(7, 165, 82, 1),
(7, 166, 94, 1),
(7, 167, 91, 1),
(7, 168, 69, 1),
(7, 169, 81, 1),
(7, 170, 91, 1),
(7, 171, 81, 1),
(7, 172, 91, 1),
(7, 173, 0, 0),
(7, 174, 71, 1),
(7, 175, 71, 1),
(7, 176, 76, 1),
(7, 177, 85, 1),
(7, 178, 70, 1),
(7, 179, 77, 1),
(7, 180, 73, 1),
(7, 181, 74, 1),
(7, 182, 81, 1),
(7, 183, 96, 1),
(7, 184, 0, 0),
(7, 185, 98, 1),
(7, 186, 84, 1),
(7, 187, 0, 0),
(7, 188, 98, 1),
(7, 189, 79, 1),
(7, 190, 76, 1),
(7, 191, 98, 1),
(7, 192, 84, 1),
(7, 193, 96, 1),
(7, 194, 70, 1),
(7, 195, 70, 1),
(7, 196, 88, 1),
(7, 197, 87, 1),
(7, 198, 97, 1),
(7, 199, 0, 0),
(7, 200, 92, 1),
(7, 201, 0, 0),
(7, 202, 0, 0),
(7, 203, 100, 1),
(7, 204, 96, 1),
(7, 205, 98, 1),
(7, 206, 0, 0),
(7, 207, 89, 1),
(7, 208, 74, 1),
(7, 209, 100, 1),
(7, 210, 93, 1),
(7, 211, 86, 1),
(7, 212, 0, 0),
(7, 213, 72, 1),
(7, 214, 0, 0),
(7, 215, 92, 1),
(7, 216, 89, 1),
(7, 217, 79, 1),
(7, 218, 98, 1),
(7, 219, 73, 1),
(7, 220, 0, 0),
(7, 221, 0, 0),
(7, 222, 86, 1),
(7, 223, 78, 1),
(7, 224, 86, 1),
(7, 225, 93, 1),
(7, 226, 79, 1),
(7, 227, 68, 1),
(7, 228, 74, 1),
(7, 229, 0, 0),
(7, 230, 95, 1),
(7, 231, 95, 1),
(7, 232, 94, 1),
(7, 233, 95, 1),
(7, 234, 89, 1),
(7, 235, 95, 1),
(7, 236, 95, 1),
(7, 237, 91, 1),
(7, 238, 100, 1),
(7, 239, 95, 1),
(8, 164, 76, 1),
(8, 165, 98, 1),
(8, 166, 81, 1),
(8, 167, 77, 1),
(8, 168, 95, 1),
(8, 169, 94, 1),
(8, 170, 87, 1),
(8, 171, 0, 0),
(8, 172, 0, 0),
(8, 173, 77, 1),
(8, 174, 88, 1),
(8, 175, 79, 1),
(8, 176, 0, 0),
(8, 177, 85, 1),
(8, 178, 78, 1),
(8, 179, 88, 1),
(8, 180, 90, 1),
(8, 181, 94, 1),
(8, 182, 86, 1),
(8, 183, 81, 1),
(8, 184, 0, 0),
(8, 185, 100, 1),
(8, 186, 99, 1),
(8, 187, 84, 1),
(8, 188, 69, 1),
(8, 189, 92, 1),
(8, 190, 70, 1),
(8, 191, 77, 1),
(8, 192, 76, 1),
(8, 193, 70, 1),
(8, 194, 88, 1),
(8, 195, 0, 0),
(8, 196, 78, 1),
(8, 197, 88, 1),
(8, 198, 99, 1),
(8, 199, 80, 1),
(8, 200, 0, 0),
(8, 201, 91, 1),
(8, 202, 0, 0),
(8, 203, 96, 1),
(8, 204, 0, 0),
(8, 205, 83, 1),
(8, 206, 0, 0),
(8, 207, 86, 1),
(8, 208, 97, 1),
(8, 209, 0, 0),
(8, 210, 83, 1),
(8, 211, 75, 1),
(8, 212, 0, 0),
(8, 213, 83, 1),
(8, 214, 99, 1),
(8, 215, 96, 1),
(8, 216, 74, 1),
(8, 217, 76, 1),
(8, 218, 69, 1),
(8, 219, 0, 0),
(8, 220, 76, 1),
(8, 221, 92, 1),
(8, 222, 0, 0),
(8, 223, 69, 1),
(8, 224, 71, 1),
(8, 225, 0, 0),
(8, 226, 80, 1),
(8, 227, 94, 1),
(8, 228, 94, 1),
(8, 229, 87, 1),
(8, 230, 74, 1),
(8, 231, 77, 1),
(8, 232, 80, 1),
(8, 233, 77, 1),
(8, 234, 0, 0),
(8, 235, 74, 1),
(8, 236, 71, 1),
(8, 237, 68, 1),
(8, 238, 88, 1),
(8, 239, 0, 0),
(9, 164, 0, 0),
(9, 165, 0, 0),
(9, 166, 81, 1),
(9, 167, 0, 0),
(9, 168, 82, 1),
(9, 169, 77, 1),
(9, 170, 98, 1),
(9, 171, 0, 0),
(9, 172, 86, 1),
(9, 173, 73, 1),
(9, 174, 0, 0),
(9, 175, 85, 1),
(9, 176, 76, 1),
(9, 177, 93, 1),
(9, 178, 89, 1),
(9, 179, 82, 1),
(9, 180, 89, 1),
(9, 181, 81, 1),
(9, 182, 85, 1),
(9, 183, 100, 1),
(9, 184, 86, 1),
(9, 185, 88, 1),
(9, 186, 72, 1),
(9, 187, 88, 1),
(9, 188, 83, 1),
(9, 189, 99, 1),
(9, 190, 77, 1),
(9, 191, 0, 0),
(9, 192, 0, 0),
(9, 193, 0, 0),
(9, 194, 98, 1),
(9, 195, 95, 1),
(9, 196, 71, 1),
(9, 197, 90, 1),
(9, 198, 0, 0),
(9, 199, 84, 1),
(9, 200, 89, 1),
(9, 201, 69, 1),
(9, 202, 91, 1),
(9, 203, 98, 1),
(9, 204, 97, 1),
(9, 205, 89, 1),
(9, 206, 0, 0),
(9, 207, 0, 0),
(9, 208, 96, 1),
(9, 209, 0, 0),
(9, 210, 0, 0),
(9, 211, 69, 1),
(9, 212, 0, 0),
(9, 213, 0, 0),
(9, 214, 86, 1),
(9, 215, 81, 1),
(9, 216, 73, 1),
(9, 217, 78, 1),
(9, 218, 81, 1),
(9, 219, 86, 1),
(9, 220, 70, 1),
(9, 221, 83, 1),
(9, 222, 76, 1),
(9, 223, 0, 0),
(9, 224, 76, 1),
(9, 225, 69, 1),
(9, 226, 74, 1),
(9, 227, 82, 1),
(9, 228, 89, 1),
(9, 229, 100, 1),
(9, 230, 87, 1),
(9, 231, 97, 1),
(9, 232, 94, 1),
(9, 233, 92, 1),
(9, 234, 0, 0),
(9, 235, 0, 0),
(9, 236, 0, 0),
(9, 237, 95, 1),
(9, 238, 85, 1),
(9, 239, 0, 0),
(19, 164, 96, 1),
(19, 165, 88, 1),
(19, 166, 94, 1),
(19, 167, 90, 1),
(19, 168, 0, 0),
(19, 169, 70, 1),
(19, 170, 76, 1),
(19, 171, 86, 1),
(19, 172, 98, 1),
(19, 173, 0, 0),
(19, 174, 90, 1),
(19, 175, 97, 1),
(19, 176, 98, 1),
(19, 177, 75, 1),
(19, 178, 86, 1),
(19, 179, 0, 0),
(19, 180, 99, 1),
(19, 181, 83, 1),
(19, 182, 86, 1),
(19, 183, 0, 0),
(19, 184, 0, 0),
(19, 185, 76, 1),
(19, 186, 0, 0),
(19, 187, 86, 1),
(19, 188, 72, 1),
(19, 189, 94, 1),
(19, 190, 94, 1),
(19, 191, 70, 1),
(19, 192, 0, 0),
(19, 193, 94, 1),
(19, 194, 73, 1),
(19, 195, 97, 1),
(19, 196, 80, 1),
(19, 197, 86, 1),
(19, 198, 91, 1),
(19, 199, 0, 0),
(19, 200, 88, 1),
(19, 201, 92, 1),
(19, 202, 98, 1),
(19, 203, 75, 1),
(19, 204, 0, 0),
(19, 205, 88, 1),
(19, 206, 0, 0),
(19, 207, 82, 1),
(19, 208, 91, 1),
(19, 209, 72, 1),
(19, 210, 100, 1),
(19, 211, 92, 1),
(19, 212, 77, 1),
(19, 213, 0, 0),
(19, 214, 93, 1),
(19, 215, 68, 1),
(19, 216, 89, 1),
(19, 217, 82, 1),
(19, 218, 86, 1),
(19, 219, 86, 1),
(19, 220, 71, 1),
(19, 221, 89, 1),
(19, 222, 96, 1),
(19, 223, 74, 1),
(19, 224, 85, 1),
(19, 225, 84, 1),
(19, 226, 78, 1),
(19, 227, 85, 1),
(19, 228, 71, 1),
(19, 229, 100, 1),
(19, 230, 80, 1),
(19, 231, 90, 1),
(19, 232, 87, 1),
(19, 233, 96, 1),
(19, 234, 0, 0),
(19, 235, 89, 1),
(19, 236, 89, 1),
(19, 237, 68, 1),
(19, 238, 95, 1),
(19, 239, 81, 1),
(20, 164, 72, 1),
(20, 165, 68, 1),
(20, 166, 70, 1),
(20, 167, 94, 1),
(20, 168, 70, 1),
(20, 169, 73, 1),
(20, 170, 0, 0),
(20, 171, 82, 1),
(20, 172, 0, 0),
(20, 173, 83, 1),
(20, 174, 77, 1),
(20, 175, 81, 1),
(20, 176, 98, 1),
(20, 177, 71, 1),
(20, 178, 74, 1),
(20, 179, 80, 1),
(20, 180, 97, 1),
(20, 181, 0, 0),
(20, 182, 78, 1),
(20, 183, 0, 0),
(20, 184, 0, 0),
(20, 185, 100, 1),
(20, 186, 90, 1),
(20, 187, 0, 0),
(20, 188, 94, 1),
(20, 189, 79, 1),
(20, 190, 78, 1),
(20, 191, 95, 1),
(20, 192, 0, 0),
(20, 193, 81, 1),
(20, 194, 73, 1),
(20, 195, 81, 1),
(20, 196, 80, 1),
(20, 197, 80, 1),
(20, 198, 93, 1),
(20, 199, 91, 1),
(20, 200, 96, 1),
(20, 201, 98, 1),
(20, 202, 0, 0),
(20, 203, 0, 0),
(20, 204, 80, 1),
(20, 205, 92, 1),
(20, 206, 71, 1),
(20, 207, 92, 1),
(20, 208, 71, 1),
(20, 209, 85, 1),
(20, 210, 0, 0),
(20, 211, 82, 1),
(20, 212, 0, 0),
(20, 213, 0, 0),
(20, 214, 70, 1),
(20, 215, 0, 0),
(20, 216, 94, 1),
(20, 217, 81, 1),
(20, 218, 90, 1),
(20, 219, 74, 1),
(20, 220, 83, 1),
(20, 221, 74, 1),
(20, 222, 72, 1),
(20, 223, 75, 1),
(20, 224, 89, 1),
(20, 225, 86, 1),
(20, 226, 78, 1),
(20, 227, 95, 1),
(20, 228, 98, 1),
(20, 229, 78, 1),
(20, 230, 82, 1),
(20, 231, 82, 1),
(20, 232, 90, 1),
(20, 233, 94, 1),
(20, 234, 0, 0),
(20, 235, 73, 1),
(20, 236, 79, 1),
(20, 237, 86, 1),
(20, 238, 89, 1),
(20, 239, 82, 1),
(21, 164, 76, 1),
(21, 165, 99, 1),
(21, 166, 80, 1),
(21, 167, 96, 1),
(21, 168, 94, 1),
(21, 169, 0, 0),
(21, 170, 95, 1),
(21, 171, 79, 1),
(21, 172, 73, 1),
(21, 173, 79, 1),
(21, 174, 87, 1),
(21, 175, 92, 1),
(21, 176, 76, 1),
(21, 177, 89, 1),
(21, 178, 100, 1),
(21, 179, 70, 1),
(21, 180, 95, 1),
(21, 181, 84, 1),
(21, 182, 90, 1),
(21, 183, 0, 0),
(21, 184, 98, 1),
(21, 185, 70, 1),
(21, 186, 79, 1),
(21, 187, 0, 0),
(21, 188, 76, 1),
(21, 189, 0, 0),
(21, 190, 0, 0),
(21, 191, 86, 1),
(21, 192, 0, 0),
(21, 193, 79, 1),
(21, 194, 98, 1),
(21, 195, 0, 0),
(21, 196, 82, 1),
(21, 197, 86, 1),
(21, 198, 97, 1),
(21, 199, 92, 1),
(21, 200, 100, 1),
(21, 201, 71, 1),
(21, 202, 88, 1),
(21, 203, 0, 0),
(21, 204, 100, 1),
(21, 205, 95, 1),
(21, 206, 94, 1),
(21, 207, 0, 0),
(21, 208, 94, 1),
(21, 209, 70, 1),
(21, 210, 69, 1),
(21, 211, 90, 1),
(21, 212, 74, 1),
(21, 213, 0, 0),
(21, 214, 80, 1),
(21, 215, 0, 0),
(21, 216, 71, 1),
(21, 217, 91, 1),
(21, 218, 72, 1),
(21, 219, 73, 1),
(21, 220, 0, 0),
(21, 221, 76, 1),
(21, 222, 0, 0),
(21, 223, 85, 1),
(21, 224, 0, 0),
(21, 225, 79, 1),
(21, 226, 69, 1),
(21, 227, 79, 1),
(21, 228, 73, 1),
(21, 229, 98, 1),
(21, 230, 0, 0),
(21, 231, 77, 1),
(21, 232, 82, 1),
(21, 233, 85, 1),
(21, 234, 0, 0),
(21, 235, 97, 1),
(21, 236, 82, 1),
(21, 237, 80, 1),
(21, 238, 74, 1),
(21, 239, 73, 1),
(22, 164, 97, 1),
(22, 165, 77, 1),
(22, 166, 0, 0),
(22, 167, 79, 1),
(22, 168, 71, 1),
(22, 169, 0, 0),
(22, 170, 73, 1),
(22, 171, 88, 1),
(22, 172, 72, 1),
(22, 173, 0, 0),
(22, 174, 75, 1),
(22, 175, 91, 1),
(22, 176, 93, 1),
(22, 177, 0, 0),
(22, 178, 0, 0),
(22, 179, 0, 0),
(22, 180, 91, 1),
(22, 181, 74, 1),
(22, 182, 0, 0),
(22, 183, 94, 1),
(22, 184, 88, 1),
(22, 185, 81, 1),
(22, 186, 92, 1),
(22, 187, 0, 0),
(22, 188, 86, 1),
(22, 189, 93, 1),
(22, 190, 0, 0),
(22, 191, 74, 1),
(22, 192, 96, 1),
(22, 193, 74, 1),
(22, 194, 68, 1),
(22, 195, 71, 1),
(22, 196, 74, 1),
(22, 197, 82, 1),
(22, 198, 73, 1),
(22, 199, 72, 1),
(22, 200, 0, 0),
(22, 201, 85, 1),
(22, 202, 99, 1),
(22, 203, 97, 1),
(22, 204, 72, 1),
(22, 205, 74, 1),
(22, 206, 0, 0),
(22, 207, 0, 0),
(22, 208, 0, 0),
(22, 209, 92, 1),
(22, 210, 95, 1),
(22, 211, 0, 0),
(22, 212, 81, 1),
(22, 213, 0, 0),
(22, 214, 86, 1),
(22, 215, 0, 0),
(22, 216, 80, 1),
(22, 217, 92, 1),
(22, 218, 99, 1),
(22, 219, 0, 0),
(22, 220, 0, 0),
(22, 221, 83, 1),
(22, 222, 98, 1),
(22, 223, 0, 0),
(22, 224, 79, 1),
(22, 225, 91, 1),
(22, 226, 88, 1),
(22, 227, 76, 1),
(22, 228, 82, 1),
(22, 229, 79, 1),
(22, 230, 88, 1),
(22, 231, 86, 1),
(22, 232, 77, 1),
(22, 233, 84, 1),
(22, 234, 0, 0),
(22, 235, 0, 0),
(22, 236, 0, 0),
(22, 237, 96, 1),
(22, 238, 91, 1),
(22, 239, 70, 1),
(23, 164, 0, 0),
(23, 165, 69, 1),
(23, 166, 92, 1),
(23, 167, 0, 0),
(23, 168, 89, 1),
(23, 169, 0, 0),
(23, 170, 85, 1),
(23, 171, 72, 1),
(23, 172, 78, 1),
(23, 173, 97, 1),
(23, 174, 0, 0),
(23, 175, 99, 1),
(23, 176, 77, 1),
(23, 177, 0, 0),
(23, 178, 86, 1),
(23, 179, 89, 1),
(23, 180, 0, 0),
(23, 181, 81, 1),
(23, 182, 78, 1),
(23, 183, 97, 1),
(23, 184, 82, 1),
(23, 185, 86, 1),
(23, 186, 69, 1),
(23, 187, 83, 1),
(23, 188, 72, 1),
(23, 189, 84, 1),
(23, 190, 71, 1),
(23, 191, 73, 1),
(23, 192, 0, 0),
(23, 193, 92, 1),
(23, 194, 84, 1),
(23, 195, 75, 1),
(23, 196, 92, 1),
(23, 197, 81, 1),
(23, 198, 75, 1),
(23, 199, 85, 1),
(23, 200, 94, 1),
(23, 201, 72, 1),
(23, 202, 0, 0),
(23, 203, 73, 1),
(23, 204, 74, 1),
(23, 205, 100, 1),
(23, 206, 88, 1),
(23, 207, 74, 1),
(23, 208, 72, 1),
(23, 209, 99, 1),
(23, 210, 82, 1),
(23, 211, 96, 1),
(23, 212, 90, 1),
(23, 213, 0, 0),
(23, 214, 97, 1),
(23, 215, 93, 1),
(23, 216, 87, 1),
(23, 217, 82, 1),
(23, 218, 76, 1),
(23, 219, 76, 1),
(23, 220, 70, 1),
(23, 221, 100, 1),
(23, 222, 0, 0),
(23, 223, 98, 1),
(23, 224, 89, 1),
(23, 225, 0, 0),
(23, 226, 83, 1),
(23, 227, 83, 1),
(23, 228, 0, 0),
(23, 229, 78, 1),
(23, 230, 0, 0),
(23, 231, 81, 1),
(23, 232, 82, 1),
(23, 233, 81, 1),
(23, 234, 80, 1),
(23, 235, 87, 1),
(23, 236, 0, 0),
(23, 237, 79, 1),
(23, 238, 0, 0),
(23, 239, 82, 1),
(24, 164, 0, 0),
(24, 165, 78, 1),
(24, 166, 85, 1),
(24, 167, 92, 1),
(24, 168, 78, 1),
(24, 169, 77, 1),
(24, 170, 0, 0),
(24, 171, 70, 1),
(24, 172, 0, 0),
(24, 173, 81, 1),
(24, 174, 98, 1),
(24, 175, 79, 1),
(24, 176, 96, 1),
(24, 177, 86, 1),
(24, 178, 87, 1),
(24, 179, 74, 1),
(24, 180, 0, 0),
(24, 181, 72, 1),
(24, 182, 0, 0),
(24, 183, 88, 1),
(24, 184, 83, 1),
(24, 185, 76, 1),
(24, 186, 70, 1),
(24, 187, 93, 1),
(24, 188, 96, 1),
(24, 189, 70, 1),
(24, 190, 98, 1),
(24, 191, 69, 1),
(24, 192, 94, 1),
(24, 193, 0, 0),
(24, 194, 71, 1),
(24, 195, 0, 0),
(24, 196, 0, 0),
(24, 197, 68, 1),
(24, 198, 93, 1),
(24, 199, 69, 1),
(24, 200, 94, 1),
(24, 201, 74, 1),
(24, 202, 79, 1),
(24, 203, 70, 1),
(24, 204, 0, 0),
(24, 205, 81, 1),
(24, 206, 75, 1),
(24, 207, 88, 1),
(24, 208, 0, 0),
(24, 209, 96, 1),
(24, 210, 87, 1),
(24, 211, 98, 1),
(24, 212, 0, 0),
(24, 213, 68, 1),
(24, 214, 98, 1),
(24, 215, 97, 1),
(24, 216, 0, 0),
(24, 217, 98, 1),
(24, 218, 82, 1),
(24, 219, 95, 1),
(24, 220, 86, 1),
(24, 221, 80, 1),
(24, 222, 77, 1),
(24, 223, 96, 1),
(24, 224, 74, 1),
(24, 225, 83, 1),
(24, 226, 80, 1),
(24, 227, 88, 1),
(24, 228, 97, 1),
(24, 229, 76, 1),
(24, 230, 94, 1),
(24, 231, 76, 1),
(24, 232, 78, 1),
(24, 233, 91, 1),
(24, 234, 91, 1),
(24, 235, 0, 0),
(24, 236, 0, 0),
(24, 237, 79, 1),
(24, 238, 93, 1),
(24, 239, 91, 1)
;

UNLOCK TABLES;

LOCK TABLES `Homeworks` WRITE;

INSERT INTO `Homeworks`
(`DueDate`, `TaskText`, `LessonID`)
VALUES
('2021-07-30 10:00:00', 'Homework task placeholder', 2),
('2021-08-27 10:00:00', 'Homework task placeholder', 4),
('2021-09-24 10:00:00', 'Homework task placeholder', 6),
('2021-07-31 12:00:00', 'Homework task placeholder', 9),
('2021-08-21 12:00:00', 'Homework task placeholder', 12),
('2021-09-25 12:00:00', 'Homework task placeholder', 17),
('2021-07-24 12:00:00', 'Homework task placeholder', 20),
('2021-07-22 12:00:00', 'Homework task placeholder', 22),
('2021-08-12 12:00:00', 'Homework task placeholder', 25),
('2021-09-16 12:00:00', 'Homework task placeholder', 30),
('2021-08-01 12:00:00', 'Homework task placeholder', 35),
('2021-09-05 12:00:00', 'Homework task placeholder', 40),
('2021-10-10 12:00:00', 'Homework task placeholder', 45),
('2021-07-25 12:00:00', 'Homework task placeholder', 46),
('2021-07-23 12:00:00', 'Homework task placeholder', 48),
('2021-08-27 12:00:00', 'Homework task placeholder', 53),
('2021-10-01 12:00:00', 'Homework task placeholder', 58),
('2021-08-02 10:00:00', 'Homework task placeholder', 61),
('2021-08-30 10:00:00', 'Homework task placeholder', 65),
('2021-09-27 10:00:00', 'Homework task placeholder', 69),
('2021-07-26 10:00:00', 'Homework task placeholder', 71),
('2021-07-19 10:00:00', 'Homework task placeholder', 72),
('2021-08-07 10:00:00', 'Homework task placeholder', 75),
('2021-09-11 10:00:00', 'Homework task placeholder', 80)
;

UNLOCK TABLES;

LOCK TABLES `HomeworksFromStudents` WRITE;

INSERT INTO `HomeworksFromStudents`
(`StudentID`, `HomeworkText`, `HomeworkID`)
VALUES
(1, 'Homework text placeholder', 1),
(1, 'Homework text placeholder', 2),
(1, 'Homework text placeholder', 3),
(2, 'Homework text placeholder', 1),
(2, 'Homework text placeholder', 2),
(2, 'Homework text placeholder', 3),
(3, 'Homework text placeholder', 1),
(3, 'Homework text placeholder', 2),
(3, 'Homework text placeholder', 3),
(16, 'Homework text placeholder', 1),
(16, 'Homework text placeholder', 2),
(16, 'Homework text placeholder', 3),
(17, 'Homework text placeholder', 1),
(17, 'Homework text placeholder', 2),
(17, 'Homework text placeholder', 3),
(18, 'Homework text placeholder', 1),
(18, 'Homework text placeholder', 2),
(18, 'Homework text placeholder', 3),
(4, 'Homework text placeholder', 4),
(4, 'Homework text placeholder', 5),
(4, 'Homework text placeholder', 6),
(4, 'Homework text placeholder', 7),
(4, 'Homework text placeholder', 8),
(4, 'Homework text placeholder', 9),
(4, 'Homework text placeholder', 10),
(5, 'Homework text placeholder', 4),
(5, 'Homework text placeholder', 5),
(5, 'Homework text placeholder', 6),
(5, 'Homework text placeholder', 7),
(5, 'Homework text placeholder', 8),
(5, 'Homework text placeholder', 9),
(5, 'Homework text placeholder', 10),
(6, 'Homework text placeholder', 4),
(6, 'Homework text placeholder', 5),
(6, 'Homework text placeholder', 6),
(6, 'Homework text placeholder', 7),
(6, 'Homework text placeholder', 8),
(6, 'Homework text placeholder', 9),
(6, 'Homework text placeholder', 10),
(7, 'Homework text placeholder', 4),
(7, 'Homework text placeholder', 5),
(7, 'Homework text placeholder', 6),
(7, 'Homework text placeholder', 7),
(7, 'Homework text placeholder', 8),
(7, 'Homework text placeholder', 9),
(7, 'Homework text placeholder', 10),
(19, 'Homework text placeholder', 4),
(19, 'Homework text placeholder', 5),
(19, 'Homework text placeholder', 6),
(19, 'Homework text placeholder', 7),
(19, 'Homework text placeholder', 8),
(19, 'Homework text placeholder', 9),
(19, 'Homework text placeholder', 10),
(20, 'Homework text placeholder', 4),
(20, 'Homework text placeholder', 5),
(20, 'Homework text placeholder', 6),
(20, 'Homework text placeholder', 7),
(20, 'Homework text placeholder', 8),
(20, 'Homework text placeholder', 9),
(20, 'Homework text placeholder', 10),
(21, 'Homework text placeholder', 4),
(21, 'Homework text placeholder', 5),
(21, 'Homework text placeholder', 6),
(21, 'Homework text placeholder', 7),
(21, 'Homework text placeholder', 8),
(21, 'Homework text placeholder', 9),
(21, 'Homework text placeholder', 10),
(22, 'Homework text placeholder', 4),
(22, 'Homework text placeholder', 5),
(22, 'Homework text placeholder', 6),
(22, 'Homework text placeholder', 7),
(22, 'Homework text placeholder', 8),
(22, 'Homework text placeholder', 9),
(22, 'Homework text placeholder', 10),
(8, 'Homework text placeholder', 11),
(8, 'Homework text placeholder', 12),
(8, 'Homework text placeholder', 13),
(8, 'Homework text placeholder', 14),
(8, 'Homework text placeholder', 15),
(8, 'Homework text placeholder', 16),
(8, 'Homework text placeholder', 17),
(9, 'Homework text placeholder', 11),
(9, 'Homework text placeholder', 12),
(9, 'Homework text placeholder', 13),
(9, 'Homework text placeholder', 14),
(9, 'Homework text placeholder', 15),
(9, 'Homework text placeholder', 16),
(9, 'Homework text placeholder', 17),
(10, 'Homework text placeholder', 11),
(10, 'Homework text placeholder', 12),
(10, 'Homework text placeholder', 13),
(10, 'Homework text placeholder', 14),
(10, 'Homework text placeholder', 15),
(10, 'Homework text placeholder', 16),
(10, 'Homework text placeholder', 17),
(11, 'Homework text placeholder', 11),
(11, 'Homework text placeholder', 12),
(11, 'Homework text placeholder', 13),
(11, 'Homework text placeholder', 14),
(11, 'Homework text placeholder', 15),
(11, 'Homework text placeholder', 16),
(11, 'Homework text placeholder', 17),
(23, 'Homework text placeholder', 11),
(23, 'Homework text placeholder', 12),
(23, 'Homework text placeholder', 13),
(23, 'Homework text placeholder', 14),
(23, 'Homework text placeholder', 15),
(23, 'Homework text placeholder', 16),
(23, 'Homework text placeholder', 17),
(24, 'Homework text placeholder', 11),
(24, 'Homework text placeholder', 12),
(24, 'Homework text placeholder', 13),
(24, 'Homework text placeholder', 14),
(24, 'Homework text placeholder', 15),
(24, 'Homework text placeholder', 16),
(24, 'Homework text placeholder', 17),
(25, 'Homework text placeholder', 11),
(25, 'Homework text placeholder', 12),
(25, 'Homework text placeholder', 13),
(25, 'Homework text placeholder', 14),
(25, 'Homework text placeholder', 15),
(25, 'Homework text placeholder', 16),
(25, 'Homework text placeholder', 17),
(26, 'Homework text placeholder', 11),
(26, 'Homework text placeholder', 12),
(26, 'Homework text placeholder', 13),
(26, 'Homework text placeholder', 14),
(26, 'Homework text placeholder', 15),
(26, 'Homework text placeholder', 16),
(26, 'Homework text placeholder', 17),
(12, 'Homework text placeholder', 18),
(12, 'Homework text placeholder', 19),
(12, 'Homework text placeholder', 20),
(12, 'Homework text placeholder', 21),
(12, 'Homework text placeholder', 22),
(12, 'Homework text placeholder', 23),
(12, 'Homework text placeholder', 24),
(13, 'Homework text placeholder', 18),
(13, 'Homework text placeholder', 19),
(13, 'Homework text placeholder', 20),
(13, 'Homework text placeholder', 21),
(13, 'Homework text placeholder', 22),
(13, 'Homework text placeholder', 23),
(13, 'Homework text placeholder', 24),
(14, 'Homework text placeholder', 18),
(14, 'Homework text placeholder', 19),
(14, 'Homework text placeholder', 20),
(14, 'Homework text placeholder', 21),
(14, 'Homework text placeholder', 22),
(14, 'Homework text placeholder', 23),
(14, 'Homework text placeholder', 24),
(15, 'Homework text placeholder', 18),
(15, 'Homework text placeholder', 19),
(15, 'Homework text placeholder', 20),
(15, 'Homework text placeholder', 21),
(15, 'Homework text placeholder', 22),
(15, 'Homework text placeholder', 23),
(15, 'Homework text placeholder', 24),
(27, 'Homework text placeholder', 18),
(27, 'Homework text placeholder', 19),
(27, 'Homework text placeholder', 20),
(27, 'Homework text placeholder', 21),
(27, 'Homework text placeholder', 22),
(27, 'Homework text placeholder', 23),
(27, 'Homework text placeholder', 24),
(28, 'Homework text placeholder', 18),
(28, 'Homework text placeholder', 19),
(28, 'Homework text placeholder', 20),
(28, 'Homework text placeholder', 21),
(28, 'Homework text placeholder', 22),
(28, 'Homework text placeholder', 23),
(28, 'Homework text placeholder', 24),
(29, 'Homework text placeholder', 18),
(29, 'Homework text placeholder', 19),
(29, 'Homework text placeholder', 20),
(29, 'Homework text placeholder', 21),
(29, 'Homework text placeholder', 22),
(29, 'Homework text placeholder', 23),
(29, 'Homework text placeholder', 24),
(30, 'Homework text placeholder', 18),
(30, 'Homework text placeholder', 19),
(30, 'Homework text placeholder', 20),
(30, 'Homework text placeholder', 21),
(30, 'Homework text placeholder', 22),
(30, 'Homework text placeholder', 23),
(30, 'Homework text placeholder', 24)
;

UNLOCK TABLES;